name,nationality,first hired,1901 primary rank,1901 date promoted to primary,1901 secondary job,1901 date promoted to secondary,1901 other details,1901 location/last port,1901 on leave?,1906 primary rank,1906 date promoted to primary,1906 secondary job,1906 date promoted to secondary,1906 other details,1906 location/last port,1906 on leave?
E. B. Drew,American,1865 October,Commissioner,1868 October,,,,Tientsin,Shanghai Unattached List,,,,,,,
G. Detring,German,1865 April,Commissioner,1872 March,,,,Tientsin,,,,,,,,
James H. Hart,British,1867 August,Commissioner,1872 October,,,formerly at Inspectorate General (detached),Peking,Shanghai Unattached List,,,,,,,
J. D. Campbell,British,1863 April,Commissioner,1872 November,,,,London,,,,,,,,
H. E. Hobson,British,1862 May,Commissioner,1873 April,,,,Shanghai,,,,,,,,
A. Novion,French,1863 January,Commissioner,1875 April,,,,Wenchow,Shanghai Unattached List,,,,,,,
J. McLeavy Brown,British,1870 April,Commissioner,1877 February,,,,Detached,,,,,,,,
C. L. Simpson,British,1861 May,Commissioner,1877 October,,,,Amoy,,,,,,,,
W. T. Lay,British,1862 October,Commissioner,1877 October,,,,Foochow,,,,,,,,
R. B. Moorhead,British,1868 July,Commissioner,1877 October,,,,Kowloon,,,,,,,,
E. Faragó,Hungarian,1873 November,Commissioner,1881 March,,,,Chinkiang,,,,,,,,
A. E. Hippisley,British,1867 October,Commissioner,1882 April,,,,Hankow,,,,,,,,
H. Edgar,British,1868 August,Commissioner,1883 April,,,,Shasi,,,,,,,,
T. F. Hughes,British,1865 March,Commissioner,1885 June,,,,Kiukiang,,,,,,,,
H. F. Merrill,American,1874 September,Commissioner,1887 January,,,,Wuhu,,,,,,,,
F. A. Morgan,British,1864 July,Commissioner,1887 March,,,,Canton,,,,,,,,
E. Ohlmer,German,1868 May,Commissioner,1887 July,,,,Kiaochow,,Commissioner,1887 July,,,,Kiaochow,
F. A. Carl,American,1881 December,Commissioner,1889 April,,,,Lappa,,,,,,,,
Ls. Rocher,French,1869 October,Commissioner,1889 June,,,,Shanghai,Shanghai Unattached List,,,,,,,
J. F. Schœnicke,German,1869 November,Commissioner,1889 October,,,,Shanghai,Shanghai Unattached List,,,,,,,
F. E. Taylor,British,1877 January,Commissioner,1894 May,,,,Shanghai,,,,,,,,
J. W. Carrall,British,1868 August,Commissioner,1896 April,,,,Chefoo,,,,,,,,
A. T. Piry,French,1874 April,Commissioner,1896 April,,,,Peking,,,,,,,,
F. Schjöth,Norwegian,1868 March,Commissioner,1896 April,,,,Ningpo,,,,,,,,
H. M. Hillier,British,1872 August,Commissioner,1896 April,,,,Shanghai,,,,,,,,
W. F. Spinney,American,1874 August,Commissioner,1896 June,,,,Mengtsz,Canton Unattached List,,,,,,,
H. B. Morse,American,1874 August,Commissioner,1896 June,,,,Hankow,Shanghai Unattached List,,,,,,,
F. S. Unwin,British,1868 September,Commissioner,1897 February,,,,Ichang,,,,,,,,
W. N. Morehouse,American,1868 April,Commissioner,1897 February,,,,Amoy,Canton Unattached List,,,,,,,
S. Campbell,British,1872 August,Commissioner,1897 May,,,,Swatow,,,,,,,,
F. A. Aglen,British,1888 December,Commissioner,1897 November,,,,Nanking,,,,,,,,
P. H. S. Montgomery,British,1876 July,Commissioner,1898 April,,,,Yatung,Canton Unattached List,,,,,,,
J. A. van Aalst,Belgian,1881 March,Commissioner,1899 January,,,,Shanghai,,,,,,,,
P. von Tanner,Russian,1881 September,Commissioner,1899 January,,,,Foochow,Canton Unattached List,,,,,,,
C. C. Clarke,American,1874 August,Commissioner,1899 March,,,,Soochow,,,,,,,,
J. R. Brazier,British,1878 April,Commissioner,1899 March,,,"Inspectorate General, Shanghai",Shanghai,Shanghai Unattached List,,,,,,,
J. Neumann,German,1878 January,Commissioner,1899 March,,,,Kiungchow,Canton Unattached List,,,,,,,
J. H. Hunt,British,1875 August,Commissioner,1900 April,,,,Hankow,Shanghai Unattached List,,,,,,,
P. H. King,British,1874 January,Commissioner,1900 April,,,,Pakhoi,,,,,,,,
J. F. Oiesen,Danish,1877 July,Commissioner,1900 May,,,,Detached,Shanghai Unattached List,,,,,,,
A. Lay,British,1867 April,Deputy Commissioner,1893 October,Acting Commissioner,1900 April,,Wenchow,,,,,,,,
W. McC. Osborne,British,1882 September,Deputy Commissioner,1896 February,ActCom or AsstInCharge,,,Detached,,,,,,,,
T. E. Cocker,British,1869 June,Deputy Commissioner,1897 April,,,,Kowloon,,,,,,,,
E. V. Brenan,British,1871 April,Deputy Commissioner,1897 June,ActCom or AsstInCharge,,,Kowloon,Canton Unattached List,,,,,,,
J. C. Johnston,British,1877 July,Deputy Commissioner,1898 April,ActCom or AsstInCharge,,,Shanghai,Shanghai Unattached List,,,,,,,
F. J. Smith,British,1876 June,Deputy Commissioner,1898 May,,,,Amoy,,,,,,,,
C. H. Brewitt-Taylor,British,1891 November,Deputy Commissioner,1899 January,,,,Swatow,Canton Unattached List,,,,,,,
E. L. Lépissier,French,1869 November,Deputy Commissioner,1899 March,,,"Inspectorate General, Shanghai",Shanghai,Shanghai Unattached List,,,,,,,
F. W. Maze,British,1891 December,Deputy Commissioner,1899 March,,,,Foochow,,,,,,,,
P. B. von Rautenfeld,Russian,1893 October,Deputy Commissioner,1899 March,,,,Foochow,Canton Unattached List,,,,,,,
J. Acheson,British,1874 July,Deputy Commissioner,1900 April,Acting Commissioner,1901 May,,Kiungchow,,,,,,,,
E. Bruce Hart,British,1894 November,Deputy Commissioner,1901 April,,,,London,,,,,,,,
J. L. Chalmers,British,1873 October,Deputy Commissioner,1901 April,,,,Detached,,,,,,,,
E. H. Grimani,British,1872 November,Deputy Commissioner,1898 April,,,extra-Likin,Kiukiang,,,,,,,,
G. F. Montgomery,British,1880 July,Deputy Commissioner,1898 April,Deputy Commissioner-in-Charge (temporarily),1899 April,extra-Likin,Hangchow,,,,,,,,
H. E. Wolf,German,1888 April,Deputy Commissioner,1898 April,,,extra-Likin,Wuhu,,,,,,,,
R. de Luca,Italian,1888 January,Deputy Commissioner,1898 April,,,extra-Likin,Hankow,,,,,,,,
W. R. M'D. Parr,British,1887 September,Deputy Commissioner,1898 April,,,extra-Likin,Ichang,Shanghai Unattached List,,,,,,,
F. J. Mayers,British,1889 June,Deputy Commissioner,1898 April,,,extra-Likin,Soochow,Shanghai Unattached List,,,,,,,
W. Hancock,British,1874 July,"First Assistant, A",1898 May,Acting Commissioner,1900 July,,Chungking,,,,,,,,
J. H. Macoun,British,1888 May,"First Assistant, B",1900 August,Acting Commissioner,1900 April,"Acting Audit Secretary, I.G.",Shanghai,,,,,,,,
C. A. V. Bowra,British,1866 October,"Second Assistant, A",1900 October,Assistant-in-Charge,1899 June,,Newchwang,,,,,,,,
F. W. Carey,British,1892 June,"Third Assistant, B",1899 December,Assistant-in-Charge,1899 October,,Szemao,,,,,,,,
E. Alabaster,British,1889 June,"Third Assistant, A",1899 December,Assistant-in-Charge,1900 February,,Samshui,,,,,,,,
P. C. Hansson,Norwegian,1894 November,"Third Assistant, B",1901 April,Assistant-in-Charge,1900 May,,Yochow,,,,,,,,
A. H. Harris,British,1883 July,"First Assistant, B",1901 April,Assistant-in-Charge,1900 June,formerly AsstInCharge at Wuchow,Ningpo,,,,,,,,
V. C. Henderson,British,1899 January,"Fourth Assistant, B",1899 January,Assistant-in-Charge,1900 October,,Yatung,,,,,,,,
O. Tiberii,Italian,1881 November,"Second Assistant, A",1899 May,Assistant-in-Charge,1900 December,,Mengtsz,,,,,,,,
J. H. Fougerat,French,1880 August,"Second Assistant, A",1897 February,Assistant-in-Charge,1901 April,,Lungchow,,,,,,,,
P. R. Walsham,British,1894 May,"Third Assistant, A",1899 July,Assistant-in-Charge,1901 June,,Kiukiang,,,,,,,,
A. Nielsen,Norwegian,1888 February,Acting Deputy Commissioner,1899 April,Detached from 3º. Coast,,,Canton,,,,,,,,
E. G. Lowder,British,1882 September,"First Assistant, B",1899 April,Acting Deputy Commissioner,1899 July,"Acting Assistant Secretary, I.G.",Shanghai,,,,,,,,
E. T. Pym,British,1882 September,"Second Assistant, A",1900 March,Acting Deputy Commissioner,1900 March,,Hankow,,,,,,,,
W. C. H. Watson,British,1887 July,"Second Assistant, B",1900 March,Acting Deputy Commissioner,1900 March,extra-Likin,Ichang,,,,,,,,
G. T. Moule,British,1889 February,"Second Assistant, B",1900 March,Acting Deputy Commissioner,1900 March,extra-Likin,Soochow,,,,,,,,
W. G. Lay,British,1880 November,"First Assistant, A",1900 February,Acting Deputy Commissioner,1900 April,,Shanghai,,,,,,,,
A. H. Sugden,British,1883 July,"Second Assistant, B",1898 July,Acting Deputy Commissioner,1900 April,,Canton,,,,,,,,
A. G. D. Granzella,Italian,1886 November,"Second Assistant, A",1899 January,Acting Deputy Commissioner,1900 June,"Acting Assistant Secretary, I.G.",Peking,,,,,,,,
N. A. Konovaloff,Russian,1897 January,"Third Assistant, B",1900 August,Acting Deputy Commissioner,1900 August,"Acting Private Secretary and Accountant, I.G. since 1900 August",Peking,,,,,,,,
A. H. Wilzer,German,1887 March,"Second Assistant, A",1899 January,Acting Deputy Commissioner,1900 October,"Acting Assistant Chinese Secretary, I.G.",Shanghai,,,,,,,,
E. A. W. von Strauch,German,1899 November,"Third Assistant, A",1900 August,Acting Deputy Commissioner,1900 November,"Acting Assistant Chinese Secretary, I.G.",Peking,,,,,,,,
J. W. H. Ferguson,Dutch,1898 September,"Fourth Assistant, A",1900 August,Acting Deputy Commissioner,1900 November,"Acting Assistant Postal Secretary, I.G.",Peking,,,,,,,,
H. J. von Brockdorff,German,1877 July,"First Assistant, B",1899 April,Acting Deputy Commissioner,1901 April,"Out-door, Bonding, and Returns.",Shanghai,,"Chief Assistant, B",1903 January,,,,Kiaochow,
F. N. May,British,1859 October,Chief Assistant,1893 January,,,,Shanghai,Shanghai Unattached List,,,,,,,
J. W. Innocent,British,1877 July,"First Assistant, A",1898 July,,,,Swatow,Canton Unattached List,,,,,,,
J. L. Rémusat,French,1877 July,"First Assistant, A",1898 July,,,,Chefoo,,,,,,,,
P. M. G. de Galembert,French,1878 October,"First Assistant, A",1898 July,,,,Foochow,Canton Unattached List,,,,,,,
S. J. Hanisch,German,1876 August,"First Assistant, A",1898 July,,,,Wuchow,Canton Unattached List,,,,,,,
C. A. Pennington,British,1876 April,"First Assistant, A",1899 April,,,,Swatow,Canton Unattached List,,,,,,,
T. A. W. Hance,British,1876 April,"First Assistant, B",1898 July,,,,Canton,,,,,,,,
F. Clayson,British,1879 October,"First Assistant, B",1898 July,,,,Shanghai,,,,,,,,
R. de Nully,French,1879 July,"First Assistant, B",1898 July,,,,Shanghai,,,,,,,,
C. T. Bowring,British,1883 July,"First Assistant, B",1898 July,,,,Shanghai,,,,,,,,
A. S. Deane,British,1880 January,"First Assistant, B",1900 February,,,And Medical Officer,Pakhoi,Canton Unattached List,,,,,,,
J. Mencarini,Spanish,1881 January,"First Assistant, B",1901 April,,,,Hankow,,,,,,,,
C. E. Tanant,French,1887 July,"First Assistant, B",1901 April,,,,Lungchow,Canton Unattached List,,,,,,,
A. Duncan,British,1876 October,"Second Assistant, A",1896 July,,,,Shanghai,,,,,,,,
J. H. M. Moorhead,British,1882 April,"Second Assistant, A",1898 July,,,,Chinkiang,Shanghai Unattached List,,,,,,,
P. J. Grevedon,French,1886 October,"Second Assistant, A",1898 July,,,,Chefoo,Shanghai Unattached List,,,,,,,
A. Henry,British,1881 July,"Second Assistant, A",1898 July,,,,Mengtsz,Canton Unattached List,,,,,,,
N. E. Bryant,American,1881 June,"Second Assistant, A",1898 July,,,,Chefoo,Shanghai Unattached List,,,,,,,
H. W. Brazier,British,1881 April,"Second Assistant, A",1898 July,,,,Kowloon,Canton Unattached List,,,,,,,
E. K. A. Ruhstrat,German,1881 November,"Second Assistant, A",1899 May,,,,Amoy,,,,,,,,
J. D. D. de la Touche,British,1882 September,"Second Assistant, A",1900 April,,,,Chinkiang,,,,,,,,
T. D. Moorhead,British,1883 January,"Second Assistant, A",1900 July,,,,Chungking,Shanghai Unattached List,,,,,,,
J. I. M. Drummond,British,1887 June,"Second Assistant, A",1900 December,,,,Tientsin,,,,,,,,
E. Laporte,French,1883 April,"Second Assistant, B",1898 January,,,,Detached,,,,,,,,
V. E. J. Dent,British,1882 April,"Second Assistant, B",1898 June,,,,Shanghai,,,,,,,,
T. T. H. Ferguson,Dutch,1888 October,"Second Assistant, B",1898 July,,,,Soochow,,,,,,,,
L. A. Lyall,British,1886 October,"Second Assistant, B",1898 July,,,,Shanghai,Shanghai Unattached List,,,,,,,
J. H. Lowry,British,1881 July,"Second Assistant, B",1899 January,Surgeon,,And Medical Officer,Kiungchow,,,,,,,,
R. A. Currie,British,1886 October,"Second Assistant, B",1899 January,,,,Wuhu,Shanghai Unattached List,,,,,,,
H. E. Wadman,British,1881 April,"Second Assistant, B",1899 April,,,,Shanghai,,,,,,,,
G. F. H. Acheson,British,1888 June,"Second Assistant, B",1899 April,,,,Shanghai,,,,,,,,
O. G. Ready,British,1887 December,"Second Assistant, B",1889 December,,,,Lappa,,,,,,,,
H. M. W. Grundmann,German,1886 December,"Second Assistant, B",1900 March,,,,Shanghai,,,,,,,,
K. H. von Lindholm,Danish,1888 September,"Second Assistant, B",1900 March,,,,Soochow,,,,,,,,
E. O. Reis,German,1886 October,"Second Assistant, B",1900 March,,,,Kiaochow,,,,,,,,
A. W. Cross,British,1887 July,"Second Assistant, B",1900 March,,,,Yochow,Shanghai Unattached List,,,,,,,
J. W. Richardson,British,1888 September,"Second Assistant, B",1900 August,,,"Chief Accountant, I.G.",Shanghai,,,,,,,,
C. Kliene,Danish,1884 March,"Second Assistant, B",1900 December,,,,Tientsin,,,,,,,,
D. Percebois,French,1876 October,"Second Assistant, B",1901 April,,,,Shanghai,,,,,,,,
H. M. Maze,British,1888 May,"Third Assistant, A",1897 October,,,,Amoy,,,,,,,,
C. E. S. Wakefield,British,1886 October,"Third Assistant, A",1898 January,,,,Detached,,,,,,,,
A. M. de Souza,Portuguese,1887 April,"Third Assistant, A",1898 January,,,,Kowloon,,,,,,,,
J. W. Loureiro,Portuguese,1888 April,"Third Assistant, A",1898 January,,,,Ningpo,Shanghai Unattached List,,,,,,,
W. M. Andrew,British,1887 October,"Third Assistant, A",1898 January,,,,Swatow,,,,,,,,
A. J. E. Allen,British,1889 June,"Third Assistant, A",1898 June,,,,London,,,,,,,,
J. W. N. Munthe,Norwegian,1887 September,"Third Assistant, A",1898 June,,,,Tientsin,Shanghai Unattached List,,,,,,,
C. E. Holworthy,British,1888 March,"Third Assistant, A",1898 July,,,,Shanghai,,,,,,,,
J. B. FitzGibbon,British,1888 May,"Third Assistant, A",1898 July,,,,Shanghai,Shanghai Unattached List,,,,,,,
W. MacDonald,British,1892 October,"Third Assistant, A",1898 December,,,,Hangchow,Shanghai Unattached List,,,,,,,
J. H. P. Perry,British,1891 December,"Third Assistant, A",1899 July,,,,Soochow,Shanghai Unattached List,,,,,,,
R. H. R. Wade,British,1899 June,"Third Assistant, A",1899 December,,,,Shanghai,,,,,,,,
A. Michie,British,1890 September,"Third Assistant, A",1900 May,,,,Canton,,,,,,,,
I. Sugi,Japanese,1898 March,"Third Assistant, A",1900 August,,,"Inspectorate General, Peking",Peking,Shanghai Unattached List,,,,,,,
A. Schmidt,German,1883 April,"Third Assistant, A",1900 October,,,,Newchwang,,,,,,,,
A. Berthet,French,1887 March,"Third Assistant, B",1896 April,,,,Shanghai,,,,,,,,
A. G. H. Carruthers,British,1889 June,"Third Assistant, B",1897 January,,,,Shanghai,,,,,,,,
C. Thorne,British,1889 June,"Third Assistant, B",1897 January,,,,Tientsin,,,,,,,,
E. Gilchrist,American,1890 October,"Third Assistant, B",1897 February,,,,Newchwang,,,,,,,,
E. K. Bull,Norwegian,1888 May,"Third Assistant, B",1897 May,,,,Canton,,,,,,,,
E. H. de Ste Croix,British,1891 October,"Third Assistant, B",1897 June ,,,,Shanghai,,,,,,,,
E. S. Sutton,British,1892 March,"Third Assistant, B",1897 June ,,,,Canton,,,,,,,,
H. F. V. Oldham,British,1892 December,"Third Assistant, B",1898 January,,,,Canton Unattached List,,,,,,,,
A. M. J. Porter,British,1892 December,"Third Assistant, B",1898 May,,,,Canton,Kowloon,Canton Unattached List,,,,,,
C. T. Münter,Danish,1888 April,"Third Assistant, B",1898 October,,,,Wuhu,,,,,,,,
W. Kirk,British,1889 December,"Third Assistant, B",1899 January,Surgeon,,,Ichang,,,,,,,,
C. A. McAllum,British,1891 January,"Third Assistant, B",1899 February,,,,Foochow,,,,,,,,
C. W. de Bérigny,British,1892 June,"Third Assistant, B",1899 December,,,,Szemao,,,,,,,,
R. C. Guernier,French,1896 April,"Third Assistant, B",1899 December,,,,Tientsin,,,,,,,,
R. F. Wrench,British,1896 July,"Third Assistant, B",1899 December,,,,Shanghai,,,,,,,,
H. P. Destelan,French,1896 November,"Third Assistant, B",1900 August,,,,Shanghai,Shanghai Unattached List,,,,,,,
U. F. Wintour,British,1898 May,"Third Assistant, B",1900 August,,,,Kowloon,,,,,,,,
A. Scagliotti,Italian,1882 May,"Third Assistant, B",1901 April,,,,Shanghai,Shanghai Unattached List,,,,,,,
W. K. Roberts,American,1889 April,"Third Assistant, B",1901 April,,,,Hankow,,,,,,,,
W. C. G. Howard,British,1892 September,"Fourth Assistant, A",1897 February,,,,Wuchow,,,,,,,,
J. R. Putnam,American,1896 February,"Fourth Assistant, A",1898 May,,,,Shanghai,,,,,,,,
A. J. Basto,Portuguese,1896 April,"Fourth Assistant, A",1898 May,,,,Mengtsz,,,,,,,,
F. H. Bell,British,1896 April,"Fourth Assistant, A",1898 May,,,,Canton,,,,,,,,
G. Bocher,French,1894 September,"Fourth Assistant, A",1898 May,,,,Amoy,,,,,,,,
C. T. Brandt,German,1896 May,"Fourth Assistant, A",1898 May,,,,Kiaochow,,,,,,,,
J. Nolasco da Silva,Portuguese,1896 June,"Fourth Assistant, A",1898 May,,,,Lungchow,,,,,,,,
R. C. L. d'Anjou,French,1896 July,"Fourth Assistant, A",1898 May,,,,Chefoo,,,,,,,,
G. A. Heron,British,1896 September,"Fourth Assistant, A",1898 May,,,,London,,,,,,,,
F. L. Ahrendts,Norwegian,1888 May,"Fourth Assistant, A",1898 May,,,,Shanghai,Shanghai Unattached List,,,,,,,
F. Hussey-Freke,British,1896 November,"Fourth Assistant, A",1898 May,,,,Swatow,,,,,,,,
A. F. Schepens,Belgian,1887 December,"Fourth Assistant, A",1898 May,,,,Shanghai,,,,,,,,
J. H. W. Houstoun,British,1891 March,"Fourth Assistant, A",1898 May,,,,Hangchow,,,,,,,,
C. Pape,German,1881 September,"Fourth Assistant, A",1898 May,,,,Hangchow,,,,,,,,
H. J. Sharples,British,1888 May,"Fourth Assistant, A",1898 May,,,,Hankow,Shanghai Unattached List,,,,,,,
K. T. F. F. Tochtermann,German,1897 November,"Fourth Assistant, A",1900 February,,,,Chungking,,,,,,,,
E. G. Lebas,French,1897 August,"Fourth Assistant, A",1900 June,,,,Shanghai,,,,,,,,
H. M. A. Bismarck,German,1897 June,"Fourth Assistant, A",1900 August,,,,Ningpo,,,,,,,,
J. H. Smyth,British,1898 September,"Fourth Assistant, A",1900 August,,,,Kowloon,,,,,,,,
L. Sandercock,British,1898 October,"Fourth Assistant, A",1900 August,,,,Shanghai,,,,,,,,
A. G. Bethell,British,1898 October,"Fourth Assistant, A",1900 August,,,Inspectorate General.,Shanghai,Shanghai Unattached List,,,,,,,
L. de Luca,Italian,1898 October,"Fourth Assistant, A",1900 August,,,,Chinkiang,,,,,,,,
C. H. Lauru,French,1898 November,"Fourth Assistant, A",1900 August,,,,Shanghai,,,,,,,,
W. S. Dupree,British,1898 February,"Fourth Assistant, A",1900 August,,,"Inspectorate General, Peking",Peking,Shanghai Unattached List,,,,,,,
C. F. Johnston,British,1898 February,"Fourth Assistant, A",1900 December,,,,Shanghai,,,,,,,,
E. von Zach,Austrian,1897 November,"Fourth Assistant, A",1901 January,,,,Peking,,,,,,,,
P. P. P. M. Kremer,French,1897 January,"Fourth Assistant, A",1901 April,,,,Chungking,,,,,,,,
A. J. Commÿs,Dutch,1897 August,"Fourth Assistant, A",1901 April,,,,Nanking,,,,,,,,
J. M. C. Rousse,French,1891 November,"Fourth Assistant, A",1901 April,,,,Szemao,,,,,,,,
D. Pegorini,Italian,1891 November,"Fourth Assistant, A",1901 April,,,,Detached,,,,,,,,
P. Zazersky,Russian,1891 November,"Fourth Assistant, A",1901 April,,,Detached for duty in Educational Department.,Canton,,,,,,,,
R. T. Nelson,British,1896 December,"Fourth Assistant, B",1896 December,,,,Shanghai,,,,,,,,
F. G. H. M. Akermann,French,1897 January,"Fourth Assistant, B",1897 January,,,,Ningpo,,,,,,,,
R. A. May,British,1897 January,"Fourth Assistant, B",1897 January,,,,Hankow,,,,,,,,
F. R. C. Surplice,British,1892 May,"Fourth Assistant, B",1897 April,,,,Kowloon,,,,,,,,
H. L. Russell,British,1897 May,"Fourth Assistant, B",1897 May,,,,Amoy,,,,,,,,
L. V. Chute,British,1897 May,"Fourth Assistant, B",1897 May,,,,Swatow,,,,,,,,
W. R. Clouth,German,1897 June,"Fourth Assistant, B",1897 June,,,,Kiaochow,,,,,,,,
A. E. Blanco,Spanish,1897 August,"Fourth Assistant, B",1897 August,,,,Hangchow,,,,,,,,
H. M. A. de Kergariou,French,1897 October,"Fourth Assistant, B",1897 October,,,,Swatow,,,,,,,,
W. H. C. Weippert,British,1897 October,"Fourth Assistant, B",1897 October,,,,Shanghai,,,,,,,,
A. P. A. Bouïnais,French,1898 February,"Fourth Assistant, B",1898 February,,,,Kiukiang,,,,,,,,
C. Munch-Naur,Norwegian,1898 April,"Fourth Assistant, B",1898 April,,,,Foochow,,,,,,,,
K. E. G. Hemeling,German,1898 April,"Fourth Assistant, B",1898 April,,,,Nanking,,,,,,,,
R. F. C. Hedgeland,British,1898 May ,"Fourth Assistant, B",1898 May,,,,Nanking,,,,,,,,
T. A. M. Castle,British,1898 May,"Fourth Assistant, B",1898 May,,,,Yochow,,,,,,,,
W. F. Douglas-Irvine,British,1898 June,"Fourth Assistant, B",1898 June,,,,Samshui,,,,,,,,
F. W. Lyons,British,1898 June,"Fourth Assistant, B",1898 June,,,,Shanghai,,,,,,,,
A. L. M. C. Pichon,French,1898 June,"Fourth Assistant, B",1898 June,,,,Chinkiang,,,,,,,,
B. D. Bruce,British,1898 June,"Fourth Assistant, B",1898 June,,,extra-Likin,Wuhu,,,,,,,,
A. J. da S. Basto,Portuguese,1898 June,"Fourth Assistant, B",1898 June,,,,Lappa,,,,,,,,
N. H. Scheregardus,Dutch,1898 June,"Fourth Assistant, B",1898 June,,,Detached for duty at Inspectorate General.,Shanghai,,,,,,,,
M. F. Hey,Austrian,1898 June,"Fourth Assistant, B",1898 June,,,,Tientsin,,,,,,,,
F. Materna,Austrian,1898 June,"Fourth Assistant, B",1898 June,,,,Pakhoi,,,,,,,,
A. Wilson,British,1898 July,"Fourth Assistant, B",1898 July,,,,Mengtsz,,,,,,,,
C. S. Napier,British,1898 September,"Fourth Assistant, B",1898 September,,,,Nanking,,,,,,,,
F. L. Bessell,British,1898 October,"Fourth Assistant, B",1898 October,,,,Shasi,,,,,,,,
H. Menze,German,1898 November,"Fourth Assistant, B",1898 November,,,,Ichang,,,,,,,,
H. Staeger,Russian,1898 December,"Fourth Assistant, B",1898 December,,,,Tientsin,,,,,,,,
H. de Ponthière,Belgian,1898 December,"Fourth Assistant, B",1898 December,,,,Wuhu,,,,,,,,
J. H. Berruyer,French,1899 January,"Fourth Assistant, B",1899 January,,,,Hankow,,,,,,,,
H. D. O'Kelly,French,1899 January,"Fourth Assistant, B",1899 January,,,,Shanghai,,,,,,,,
C. L. Simpson (Jr?),British,1899 January,"Fourth Assistant, B",1899 January,,,,Amoy,,,,,,,,
A. M. J. Keble,British,1899 February,"Fourth Assistant, B",1899 February,,,,Nanking,,,,,,,,
H. M. Allen,British,1899 February,"Fourth Assistant, B",1899 February,,,,Shanghai,,,,,,,,
R. L. Warren,British,1899 February,"Fourth Assistant, B",1899 February,,,,Nanking,,,,,,,,
W. O. M. Lang,British,1899 February,"Fourth Assistant, B",1899 February,,,,Swatow,,,,,,,,
C. O. M. Diehr,German,1899 November,"Fourth Assistant, B",1900 August,,,,Chefoo,,,,,,,,
P. M. Skene-Knox,German,1898 December,"Fourth Assistant, B",1901 January,,,,Foochow,,,,,,,,
G. C. F. Holland,British,1899 March,"Fourth Assistant, B",1899 March,,,,Shanghai,,,,,,,,
E. B. Howell,British,1899 March,"Fourth Assistant, B",1899 March,,,,Nanking,,,,,,,,
J. W. Stephenson-Jellie,British,1899 March,"Fourth Assistant, B",1899 March,,,,Shanghai,,,,,,,,
B. Ryan,British,1899 March,"Fourth Assistant, B",1899 March,,,,Kiungchow,,,,,,,,
B. D. Tisdall,British,1899 March,"Fourth Assistant, B",1899 March,,,,Hankow,,,,,,,,
H. E. E. Noel,French,1899 May,"Fourth Assistant, B",1899 May,,,,Mengtsz,,,,,,,,
L. Siebold,German,1899 May,"Fourth Assistant, B",1899 May,,,,Kiukiang,,,,,,,,
N. W. Falk,Russian,1899 May,"Fourth Assistant, B",1899 May,,,,Hankow,,,,,,,,
A. Maltchenko,Russian,1899 May,"Fourth Assistant, B",1899 May,,,Detached for Native Customs,Newchwang,,,,,,,,
A. Zemliansky,Russian,1899 May,"Fourth Assistant, B",1899 May,,,,Shanghai,,,,,,,,
P. E. Huber,French,1899 June,"Fourth Assistant, B",1899 June,,,,Nanking,,,,,,,,
R. Kurosawa,Japanese,1899 July,"Fourth Assistant, B",1899 July,,,,Amoy,,,,,,,,
H. Otaki,Japanese,1899 September,"Fourth Assistant, B",1899 September,,,,Hankow,,,,,,,,
T. Ebara,Japanese,1899 September,"Fourth Assistant, B",1899 September,,,,Foochow,,,,,,,,
H. van Bergen,Belgian,1899 October,"Fourth Assistant, B",1899 October,,,,Shanghai,,,,,,,,
J. de W. Jansen,American,1899 October,"Fourth Assistant, B",1899 October,,,Inspectorate General.,Shanghai,,,,,,,,
M. Tachibana,Japanese,1900 February,"Fourth Assistant, B",1900 February,,,,Shanghai,,,,,,,,
L. M. J. Cardot,French,1900 February,"Fourth Assistant, B",1900 February,,,,Canton,,,,,,,,
B. Arata,Japanese,1900 April,"Fourth Assistant, B",1900 April,,,,Newchwang,,,,,,,,
C. A. R. Cabral,Portuguese,1900 May,"Fourth Assistant, B",1900 May,,,,Lappa,,,,,,,,
C. Praschma,German,1900 May,"Fourth Assistant, B",1900 May,,,,Nanking,,,,,,,,
D. Brown,British,1900 August,"Fourth Assistant, B",1900 August,Surgeon,,And Medical Officer,Wuhu,,,,,,,,
S. F. Denby,American,1900 October,"Fourth Assistant, B",1900 October,,,,Peking,,,,,,,,
L. S. Palen,American,1900 October,"Fourth Assistant, B",1900 October,,,,Nanking,,,,,,,,
J. H. Wilson,American,1900 October,"Fourth Assistant, B",1900 October,,,,Shanghai,,,,,,,,
J. Orloff,Russian,1901 March,"Fourth Assistant, B",1901 March,,,,Canton,,,,,,,,
J. Steinberg,Russian,1901 March,"Fourth Assistant, B",1901 March,,,,Chefoo,,,,,,,,
G. Thiessen,Russian,1901 March,"Fourth Assistant, B",1901 March,,,,Nanking,,,,,,,,
T. S. Southey,British,1871 April,Clerk,1878 April,,,"Detached for duty in II. Marine Department, 2°. Harbours.",Shanghai,,,,,,,,
J. T. Pearson,British,1873 March,Clerk,1881 March,,,,Shanghai,Shanghai Unattached List,,,,,,,
F. W. E. Dülberg,German,1876 July,Clerk,1881 March,,,,Wenchow,,,,,,,,
A. J. Reeks,British,1873 February,Clerk,1881 April,,,,Shanghai,Shanghai Unattached List,,,,,,,
G. D. Poli,Italian,1877 March,Clerk,1881 April,,,,Shanghai,,,,,,,,
P. Poletti,Italian,1876 September,Clerk,1881 April,,,,Amoy,,,,,,,,
C. S. Taylor,British,1882 September,Clerk,1882 September,,,,Shanghai,,,,,,,,
G. F. Graham,British,1874 March,Clerk,1883 December,,,,Shanghai,,,,,,,,
A. J. Hadley,British,1877 April,Clerk,1887 February,,,,Shanghai,,,,,,,,
W. H. W. Brennan,American,1888 June,Clerk,1888 June,,,,Shanghai,,,,,,,,
W. F. Stevenson,British,1865 August,Clerk,1889 April,,,,Shanghai,Shanghai Unattached List,,,,,,,
J. Berthelot,French,1890 June,Clerk,1890 June,,,,Soochow,,,,,,,,
J. Edkins,British,1880 December,Miscellaneous Assistant,,,,,Shanghai,,,,,,,,
Wm. Bright,British,1880 January,Printing Office Acting Manager,,,,,Shanghai,,,,,,,,
J. W. H. John,British,1885 December,Proof Reader,,,,,Shanghai,,,,,,,,
W. P. Brown,British,1889 March,Proof Reader,,,,"Inspectorate General, Shanghai",Shanghai,Shanghai Unattached List,,,,,,,
W. T. Bidwell,British,1890 December,Proof Reader,,,,,Shanghai,,,,,,,,
N. F. Miller,British,1900 April,Proof Reader,,,,,Shanghai,,,,,,,,
A. G. Merrilees,British,1877 September,Proof Reader,,,,,Shanghai,,,,,,,,
H. E. Sandys,British,1898 December,Proof Reader,,,,And Printer.,Shanghai,,,,,,,,
C. B. Mears,British,1880 December,Gas Fitter,,,,,Peking,,,,,,,,
A. W. Child,British,1888 July,Gas Fitter,,,,,Peking,,,,,,,,
H. Sinstadt,British,1887 August,Office Keeper,,,,,London,,,,,,,,
A. H. S. Fuller,British,1900 October,Office Boy,,,,,London,,,,,,,,
C. M. Guenther,American,1900 March,Godown Keeper,,,,Acting.,Shanghai,,,,,,,,
R. Coltman,American,1898 June,Surgeon,,,,,Peking,,,,,,,,
C. C. De Burgh Daly,British,1885 August,Surgeon,,,,,Newchwang,,,,,,,,
H. R. Robertson,British,1897 April,Surgeon,,,,,Tientsin,,,,,,,,
J. F. Molyneux,British,1893 November,Surgeon,,,,,Chefoo,,,,,,,,
W. Mixius,German,1900 April,Surgeon,,,,,Kiaochow,,,,,,,,
O. F. Hall,American,1899 May,Surgeon,,,,,Chungking,,,,,,,,
J. A. Thomson,British,1901 February,Surgeon,,,,,Hankow,,,,,,,,
F. T. C. Clindening,British,1898 January,Surgeon,,,,,Kiukiang,,,,,,,,
J. A. Lynch,British,1889 February,Surgeon,,,,,Chinkiang,,,,,,,,
E. H. Blanc,French,1889 October,Surgeon,,,,,Shanghai,,,,,,,,
E. H. Paulun,German,1893 September,Surgeon,,,,,Shanghai,,,,,,,,
D. J. Reid,British,1897 April,Surgeon,,,,,Shanghai,,,,,,,,
R. H. Cox,British,1887 April,Surgeon,,,,,Shanghai,,,,,,,,
J. B. Fearn,American,1900 December,Surgeon,,,,,Soochow,,,,,,,,
H. J. Hickin,British,1897 September,Surgeon,,,,,Ningpo,,,,,,,,
D. D. Main,British,1896 October,Surgeon,,,,,Hangchow,,,,,,,,
T. Rennie,British,1873 April,Surgeon,,,,,Foochow,,,,,,,,
W. W. Myers,British,1869 March,Surgeon,,,,,Foochow,,,,,,,,
G. O'Neill,British,1901 June,Surgeon,,,,,Amoy,,,,,,,,
H. Layng,British,1889 February,Surgeon,,,,,Swatow,,,,,,,,
R. J. J. Macdonald,British,1897 July,Surgeon,,,,,Wuchow,,,,,,,,
B. S. Ringer,British,1873 March,Surgeon,,,,,Canton,,,,,,,,
F. O. Stedman,British,1898 April,Surgeon,,,,,Kowloon,,,,,,,,
W. Hartigan,British,1894 May,Surgeon,,,,,Kowloon,,,,,,,,
J. G. da Silva,Portuguese,1887 May,Surgeon,,,,,Lappa,,,,,,,,
M. H. McCandliss,American,1898 July,Surgeon,,,,,Kiungchow,,,,,,,,
P. A.Gaimard,French,1901 May,Surgeon,,,,,Lungchow,,,,,,,,
G. Barbieux,French,1901 June,Surgeon,,,,,Mengtsz,,,,,,,,
G. A. Santarel,French,1901 April,Surgeon,,,,,Szemao,,,,,,,,
W. C. Howard,British,1864 August,Chief Tidesurveyor,1881 April,,,,Hankow,,,,,,,,
J. H. May,British,1860 November,Chief Tidesurveyor,1888 July,,,,Chefoo,,,,,,,,
T. Moorehead,American,1864 April,Chief Tidesurveyor,1889 September,,,,Foochow,,,,,,,,
A. Kliene,Danish,1863 August,Tidesurveyor,1873 May,,,,Amoy,,,,,,,,
T. N. Manners,British,1871 October,Tidesurveyor,1877 February,,,,Lappa,,,,,,,,
H. C. Müller,German,1861 July,Tidesurveyor,1881 April,,,,Ningpo,,,,,,,,
C. H. Palmer,British,1881 August,Tidesurveyor,1881 November,,,,Chinkiang,,,,,,,,
D. Conklin,American,1862 August,Tidesurveyor,1886 June,,,Additional.,Swatow,,,,,,,,
J. W. Patersson,Swedish,1872 November,Tidesurveyor,1887 April,,,Temporarily.,Shanghai,,,,,,,,
E. Stevens,British,1875 March,Tidesurveyor,1888 April,,,,Canton,Canton Unattached List,,,,,,,
H. A. McInnes,British,1875 February,Tidesurveyor,1888 July,,,Acting Harbour Master.,Foochow,,,,,,,,
W. N. Lovatt,British,1863 January,Tidesurveyor,1890 September,,,,Kiukiang,,,,,,,,
W. Stebbins,American,1864 May,Tidesurveyor,1891 February,,,,Pakhoi,,,,,,,,
L. A. Byworth,British,1879 February,Tidesurveyor,1893 December,,,,Canton,,,,,,,,
C. P. Dawson,British,1881 January,Tidesurveyor,1896 March,,,,Shanghai,,,,,,,,
J. H. J. Susemihl,German,1883 April,Tidesurveyor,1896 March,,,,Tientsin,,,,,,,,
L. Liedcke,German,1873 March,Tidesurveyor,1897 February,,,,Soochow,,,,,,,,
T. Macphail,British,1873 April,Tidesurveyor,1897 February,,,In charge at Kashing.,Hangchow,,,,,,,,
C. J. Price,British,1867 June,Tidesurveyor,1897 July,,,,Wuchow,,,,,,,,
J. C. A. Holz,German,1875 April,Tidesurveyor,1897 October,,,,Swatow,,,,,,,,
G. A. Forsaith,American,1872 July,Tidesurveyor,1898 July,,,,Kiungchow,,,,,,,,
M. B. J. Ström,Danish,1876 May,Tidesurveyor,1900 October,,,,Newchwang,,,,,,,,
R. H. Strangman ,British,1884 January,Tidesurveyor,1900 December,,,,Tientsin,,,,,,,,
T. H. Kingsley,British,1879 December,Tidesurveyor,1901 May,,,"doesn't have location, quit and rejoined",Rejoined,Shanghai Unattached List,,,,,,,
J. W. Andrews,American,1876 October,Assistant Tidesurveyor,1892 April,Acting Tidesurveyor,1879 July,,Wuhu,,,,,,,,
R. Braun,German,1881 January,Assistant Tidesurveyor,1890 December,Acting Tidesurveyor,1898 April,,Kiaochow,,,,,,,,
C. F. Goodhart,British,1888 March,Boat Officer,1897 July,Acting Tidesurveyor,1898 July,,Ichang,,,,,,,,
W. L. Parker,British,1888 September,Assistant Examiner,1888 September,Acting Tidesurveyor,1899 September,,Kowloon,,,,,,,,
W. I. Mason,British,1876 December,Assistant Tidesurveyor,1897 June,Acting Tidesurveyor,1899 November,,Yochow,,,,,,,,
J. H. Nightingale,British,1883 June,Chief Examiner,1899 June,Acting Tidesurveyor,1899 November,,Wenchow,,,,,,,,
F. J. Allshorn,British,1880 May,Examiner,1898 February,Acting Tidesurveyor,1900 June,,Chungking,,,,,,,,
J. H. Barton,British,1888 May,Boat Officer,1900 February,Acting Tidesurveyor,1901 May,Temporarily.,Wuchow,,,,,,,,
T. Wright,American,1896 May,Boat Officer,1901 May,Acting Tidesurveyor,1901 May,,Nanking,,,,,,,,
E. V. Calver,British,1873 February,Assistant Tidesurveyor,1890 April,,,,Kiukiang,Shanghai Unattached List,,,,,,,
E. Molloy,British,1873 March,Assistant Tidesurveyor,1890 August,,,,Chinkiang,,,,,,,,
T. J. Lant,British,1869 July,Assistant Tidesurveyor,1891 April,,,In charge at Whampoa.,Canton,,,,,,,,
J. Dalton,British,1885 September,Assistant Tidesurveyor,1892 August,,,,Wuhu,,,,,,,,
A. Walker,British,1881 August,Assistant Tidesurveyor,1897 February,,,,Shanghai,,,,,,,,
C. P. C. Lynborg,Danish,1876 March,Assistant Tidesurveyor,1899 October,,,,Kiukiang,,,,,,,,
F. G. Becke,British,1877 March,Boat Officer,1891 October,,,,Ningpo,,,,,,,,
C. Tonkin,British,1876 April,Boat Officer,1896 April,,,,Chefoo,,,,,,,,
W. J. Hewett,British,1882 March,Boat Officer,1896 April,,,,Amoy,,,,,,,,
G. F. W. Lührss,German,1874 April,Boat Officer,1899 December,,,,Shanghai,,,,,,,,
J. J. C. Lorentzen,Danish,1883 April,Boat Officer,1900 April,,,,Chinkiang,Shanghai Unattached List,,,,,,,
J. Clark,British,1882 October,Boat Officer,1900 April,,,,Newchwang,,,,,,,,
H. A. Farrell,British,1882 August,Assistant Examiner,1891 November,Acting Boat Officer,1893 April,,Ichang,,,,,,,,
T. Stephenson,American,1890 November,First Class Tidewaiter,1899 July,Acting Boat Officer,1901 May,,Canton,,,,,,,,
C. A. Peters,British,1891 May,First Class Tidewaiter,1900 May,Acting Boat Officer,1901 May,,Wuhu,,,,,,,,
C. W. F. Diercks,German,1867 September,Chief Examiner,1883 May,,,,Hankow,Shanghai Unattached List,,,,,,,
G. Swainson,Swedish,1867 May,Chief Examiner,1889 February,,,,Chefoo,Shanghai Unattached List,,,,,,,
G. B. A. Castro,Austrian,1865 November,Chief Examiner,1889 May,,,,Wuhu,,,,,,,,
W. Pollock,British,1863 February,Chief Examiner,1896 March,,,,Swatow,,,,,,,,
E. Milhe,French,1881 October,Chief Examiner,1896 July,,,,Mengtsz,,,,,,,,
W. F. Kahler,British,1876 July,Chief Examiner,1899 March,,,,Shanghai,,,,,,,,
M. Mackenzie,British,1874 March,Chief Examiner,1899 November,,,,Tientsin,,,,,,,,
W. A. L. Sanders,German,1862 August,Chief Examiner,1900 April,,,,Chinkiang,,,,,,,,
A. A. Godwin,British,1862 May,Examiner,1874 June,,,,Wenchow,Shanghai Unattached List,,,,,,,
J. Morgan,British,1864 May,Examiner,1880 April,,,,Shanghai,,,,,,,,
M. Eckhold,German,1871 June,Examiner,1883 April,,,,Wuhu,Shanghai Unattached List,,,,,,,
J. J. Boyol,Italian,1866 February,Examiner,1887 April,,,,Canton,,,,,,,,
P. R. Dubarry,American,1869 April,Examiner,1888 August,,,,Foochow,,,,,,,,
R. Macgregor,British,1875 November,Examiner,1888 August,,,,Hankow,,,,,,,,
I. F. Large,British,1875 July,Examiner,1890 April,,,,Foochow,,,,,,,,
W. H. Williams,British,1874 April,Examiner,1890 July,,,,Canton,,,,,,,,
T. W. Laidler,British,1876 October,Examiner,1891 March,,,,Shanghai,,,,,,,,
J. Fetherstonhaugh,British,1881 November,Examiner,1896 April,,,,Kiukiang,,,,,,,,
J. N. Segerdal,Swedish,1882 April,Examiner,1896 April,,,Detached for Nati.,Newchwang,,,,,,,,
S. J. Grainger,British,1881 December,Examiner,1896 April,,,,Swatow,,,,,,,,
J. H. Pearson,British,1884 March,Examiner,1897 March,,,,Amoy,,,,,,,,
C. H. Erskine,British,1881 May,Examiner,1897 March,,,,Canton,,,,,,,,
H. Haines,British,1879 December,Examiner,1897 April,,,,Wuchow,,,,,,,,
A. Johnsen,Danish,1876 December,Examiner,1897 June,,,,Shanghai,,,,,,,,
J. J. McGrath,American,1879 May,Examiner,1897 June,,,,Pakhoi,Canton Unattached List,,,,,,,
G. T. Murray,American,1880 December,Examiner,1897 June,,,,Shanghai,,,,,,,,
J. T. Green,British,1880 September,Examiner,1897 July,,,,Hankow,,,,,,,,
E. C. Tregillus,British,1880 September,Examiner,1897 July,,,,Kowloon,,,,,,,,
G. D. Sharnhorst,British,1873 November,Examiner,1897 July,,,,Canton,,,,,,,,
F. A. Cartman,British,1878 May,Examiner,1897 July,,,Detached for duty in Marine Department.,Shanghai,,,,,,,,
A. E. Pfankuchen,German,1883 March,Examiner,1898 June,,,,Canton,,,,,,,,
J. A. Tipp,British,1881 May,Examiner,1899 December,,,,Shanghai,,,,,,,,
C. W. P. Teichert,German,1881 February,Examiner,1899 December,,,,Shanghai,,,,,,,,
W. J. Lye,British,1887 May,Examiner,1899 December,,,,Shanghai,,,,,,,,
E. A. Roberts,British,1883 April,Examiner,1899 December,,,,Shanghai,,,,,,,,
H. T. Wavell,British,1877 March,Examiner,1900 January,,,,Ningpo,,,,,,,,
W. Armour,British,1889 August,Examiner,1900 May,,,,Shanghai,,,,,,,,
O. E. M. Bünese,German,1887 January,Examiner,1900 July,,,,Hankow,,,,,,,,
W. S. Jackson,American,1892 November,Examiner,1900 December,,,,Tientsin,,,,,,,,
C. A. Meyer,German,1879 July,Examiner,1901 May,,,,Hankow,,,,,,,,
A. W. Leach,British,1881 February,Examiner,1901 May,,,,Detached,,,,,,,,
J. H. M. Noodt,German,1881 June,Examiner,1901 May,,,,Amoy,,,,,,,,
E. Bernard,French,1880 June,Assistant Examiner,1887 July,,,,Shanghai,,,,,,,,
E. Belbin,British,1879 October,Assistant Examiner,1888 May,,,,Chinkiang,,,,,,,,
D. Davies,British,1875 October,Assistant Examiner,1888 October,,,,Amoy,,,,,,,,
C. A. Swanstrom,American,1880 September,Assistant Examiner,1889 February,,,,Amoy,,,,,,,,
J. E. Harris,British,1882 April,Assistant Examiner,1890 October,,,,Chinkiang,,,,,,,,
S. Smith,British,1882 September,Assistant Examiner,1891 May,,,,Foochow,,,,,,,,
J. B. Jack,British,1885 October,Assistant Examiner,1891 July,,,,Shanghai,,,,,,,,
L. C. Arlington,American,1885 November,Assistant Examiner,1892 September,,,,Kowloon,,,,,,,,
R. J. Jules,British,1883 February,Assistant Examiner,1892 November,,,,Wenchow,,,,,,,,
A. T. Bredenburg,American,1883 December,Assistant Examiner,1893 January,,,,Canton,,,,,,,,
G. A. Dissmeyer,German,1874 August,Assistant Examiner,1894 August,,,,Chefoo,,,,,,,,
A. Sutherland,British,1877 June,Assistant Examiner,1894 August,,,,Chefoo,,,,,,,,
L. E. N. Szigetváry ,British,1887 July,Assistant Examiner,1894 August,,,,Newchwang,,,,,,,,
W. Boad,British,1883 July,Assistant Examiner,1894 September,,,,Hankow,,,,,,,,
G. Kopp,German,1883 April,Assistant Examiner,1896 April,,,,Ichang,,,,,,,,
N. J. B. Galletti,French,1882 April,Assistant Examiner,1896 April,,,,Chinkiang,,,,,,,,
M. Hellstrand,Swedish,1885 September,Assistant Examiner,1896 April,,,,Shanghai,,,,,,,,
T. C. Burchett,British,1886 August,Assistant Examiner,1896 April,,,,Soochow,,,,,,,,
T. Moreland,British,1888 March,Assistant Examiner,1896 April,,,,Tientsin,,,,,,,,
J. A. Berthet,French,1887 April,Assistant Examiner,1896 October,,,,Shanghai,,,,,,,,
C. A. Maasberg,German,1887 March,Assistant Examiner,1896 October,,,,Detached,,,,,,,,
H. P. C. Jörgensen ,Danish,1881 March,Assistant Examiner,1897 January,,,,Ningpo,,,,,,,,
F. J. Brumfield,British,1886 August,Assistant Examiner,1897 January,,,,Wuchow,,,,,,,,
G. A. F. Schneider,Danish,1886 April,Assistant Examiner,1897 January,,,,Hangchow,,,,,,,,
W. C. Blake,British,1887 February,Assistant Examiner,1897 March,,,,Swatow,,,,,,,,
R. J. White,British,1887 March,Assistant Examiner,1897 March,,,,Lappa,,,,,,,,
G. A. Schwarzer,German,1889 September,Assistant Examiner,1897 March,,,,Kiukiang,,,,,,,,
G. Houlston,British,1885 September,Assistant Examiner,1897 March,,,,Ichang,Shanghai Unattached List,,,,,,,
W. Duncan,British,1887 April,Assistant Examiner,1897 March,,,,Canton,,,,,,,,
A. T. Westerberg,Swedish,1888 August,Assistant Examiner,1897 June,,,,Yochow,,,,,,,,
F. H. Siemsen,German,1883 March,Assistant Examiner,1897 June,,,,Foochow,,,,,,,,
J. V. Jensen,Danish,1888 June,Assistant Examiner,1897 June,,,,Kiukiang,,,,,,,,
J. Bromley,British,1887 June,Assistant Examiner,1897 June,,,,Shanghai,,,,,,,,
F. McLavy,British,1890 February,Assistant Examiner,1897 August,,,,Shanghai,,,,,,,,
P. J. J. Stellingwerff,Dutch,1877 February,Assistant Examiner,1897 September,,,And Relieving Lightkeeper.,Chefoo,,,,,,,,
F. Williams,British,1883 August,Assistant Examiner,1897 October,,,,Szemao,Canton Unattached List,,,,,,,
F. L. Seeberg,Russian,1887 October,Assistant Examiner,1897 October,,,,Shanghai,Shanghai Unattached List,,,,,,,
E. V. H. Viez,German,1883 September,Assistant Examiner,1898 March,,,,Kiukiang,,,,,,,,
R. Henkel,German,1891 September,Assistant Examiner,1898 May,,,,Kiungchow,,,,,,,,
F. S. Jobst,German,1890 October,Assistant Examiner,1891 May,,,,Kiaochow,,,,,,,,
A. McGlashan,British,1891 October,Assistant Examiner,1898 May,,,extra-Likin,Soochow,,,,,,,,
W. Martinson,British,1884 July,Assistant Examiner,1898 June,,,,Canton,,,,,,,,
W. Johnsford,Swedish,1885 September,Assistant Examiner,1898 June,,,,Shanghai,,,,,,,,
C. H. A. Käcker,German,1887 March,Assistant Examiner,1898 June,,,,Amoy,,,,,,,,
J. M. Collaço,British,1878 January,Assistant Examiner,1898 June,,,,Chinkiang,,,,,,,,
E. C. A. Deichen,German,1888 May,Assistant Examiner,1898 June,,,,Shanghai,,Examiner,1903 May,,,,Kiaochow,
F. J. Rowsell,British,1888 May,Assistant Examiner,1898 June,,,,Hankow,,,,,,,,
P. H. Nölting,German,1887 August,Assistant Examiner,1898 June,,,,Amoy,,,,,,,,
J. Schlüter,German,1887 March,Assistant Examiner,1898 June,,,,Kowloon,,,,,,,,
L. Antoncich,Austrian,1893 November,Assistant Examiner,1898 June,,,"Detached for duty in II.- Marine Department, 2°. Harbours.",Shanghai,,,,,,,,
G. M. Kidd,British,1889 December,Assistant Examiner,1898 June,,,,Shanghai,,,,,,,,
J. G. Grape,Swedish,1886 January,Assistant Examiner,1898 June,,,,Shanghai,,,,,,,,
H. R. Schweiger,German,1882 February,Assistant Examiner,1898 October,,,,Kiaochow,,Examiner,1903 June,Acting Tidesurveyor,1882 February,,Kiaochow,
A. Morrison,British,1890 November,Assistant Examiner,1899 January,,,,Samshui,,,,,,,,
G. P. Civilini,Italian,1883 April,Assistant Examiner,1899 July,,,At Kashing.,Hangchow,,,,,,,,
J. T. Manley,British,1881 August,Assistant Examiner,1899 July,,,,Ningpo,,,,,,,,
S. B. Thompson,British,1886 April,Assistant Examiner,1899 July,,,,Pakhoi,,,,,,,,
J. Ferguson,British,1889 November,Assistant Examiner,1899 July,,,,Lappa,,,,,,,,
J. Holliday,British,1887 August,Assistant Examiner,1899 July,,,,Shanghai,,,,,,,,
O. Jürgens,German,1883 November,Assistant Examiner,1899 July,,,,Wuchow,,,,,,,,
D. Goldman,Austrian,1890 October,Assistant Examiner,1899 July,,,,Shanghai,,,,,,,,
A. Millar,British,1889 May,Assistant Examiner,1899 July,,,,Mengtsz,Canton Unattached List,,,,,,,
C. W. Diercks,German,1889 May,Assistant Examiner,1899 July,,,,Shanghai,,,,,,,,
T. Shirdan,American,1893 May,Assistant Examiner,1899 July,,,,Kiungchow,,,,,,,,
W. A. Mace,British,1883 December,Assistant Examiner,1899 July,,,,Shanghai,,,,,,,,
H. Dufour,French,1889 August,Assistant Examiner,1899 July,,,,Mengtsz,,,,,,,,
P. C. Petersen,Danish,1889 October,Assistant Examiner,1899 July,,,,Ichang,,,,,,,,
A. Brammer,German,1893 March,Assistant Examiner,1899 July,,,,Shanghai,,,,,,,,
M. J. H. C. Breitenfeldt,German,1893 June,Assistant Examiner,1899 July,,,,Kiaochow,,,,,,,,
E. Shelton,British,1889 September,Assistant Examiner,1899 July,,,,Shanghai,,,,,,,,
D. MacLennan,British,1891 July,Assistant Examiner,1899 July,,,Detached for duty as Police Superintendent at Yochow.,Yochow,,,,,,,,
T. J. Hovell,British,1885 October,Assistant Examiner,1899 July,,,,Ningpo,,,,,,,,
R. Sarran,French,1890 February,Assistant Examiner,1899 December,,,,Szemao,,,,,,,,
P. H. Martin,British,1889 June,Assistant Examiner,1889 December,,,,Hankow,,,,,,,,
T. J. Edwards,British,1889 January,Assistant Examiner,1889 December,,,,Chungking,,,,,,,,
T. H. M. Schneider,German,1889 May,Assistant Examiner,1889 December,,,,Kowloon,,,,,,,,
J. Landen,British,1890 September,Assistant Examiner,1899 December,,,,Wuhu,,,,,,,,
S. Burton,British,1893 July,Assistant Examiner,1899 December,,,,Nanking,,,,,,,,
R. von der Leithen,German,1876 May,Assistant Examiner,1900 January,,,,Shanghai,,,,,,,,
R. P. Hansen,Danish,1891 November,Assistant Examiner,1900 January,,,,Shanghai,,,,,,,,
H. M. Thompson,American,1889 December,Assistant Examiner,1900 January,,,,Shanghai,,,,,,,,
E. Hubbard,British,1889 August,Assistant Examiner,1900 January,,,,Mengtsz,,,,,,,,
A. A. DuBord,British,1889 October,Assistant Examiner,1900 January,,,,Kiukiang,,,,,,,,
G. G. Thögersen,Danish,1887 October,Assistant Examiner,1900 April,,,,Tientsin,,,,,,,,
W. O. Lloyd,British,1892 April,Assistant Examiner,1900 May,,,,Newchwang,,,,,,,,
M. Finlayson,British,1891 May,Assistant Examiner,1900 May,,,,Hangchow,,,,,,,,
F. G. Browne,British,1891 May,Assistant Examiner,1900 May,,,,Hankow,,,,,,,,
C. Ahlberg,American,1894 August,Assistant Examiner,1900 May,,,,Hankow,,,,,,,,
W. O. Pegge,British,1894 July,Assistant Examiner,1900 May,,,,Shasi,,,,,,,,
E. C. Williams,British,1894 March,Assistant Examiner,1900 June,,,,Chungking,,,,,,,,
G. Mackenzie,British,1891 March,Assistant Examiner,1901 May,,,,Lappa,Canton Unattached List,,,,,,,
G. G. Sinclair,British,1891 March,Assistant Examiner,1901 May,,,,Wuhu,,,,,,,,
E. V. Bono,British,1892 January,Assistant Examiner,1901 May,,,,Wuhu,,,,,,,,
H. H. C. Halberg,Danish,1891 October,Assistant Examiner,1901 May,,,,Tientsin,,,,,,,,
W. Pruchtnow,German,1891 November,Assistant Examiner,1901 May,,,,Ningpo,,,,,,,,
A. Gray,British,1891 August,Assistant Examiner,1901 May,,,,Hankow,,,,,,,,
C. E. Meyer,German,1884 January,Assistant Examiner,1901 May,,,,Kiukiang,,,,,,,,
D. Breen,British,1886 October,First Class Tidewaiter,1897 June,,,,Soochow,Shanghai Unattached List,,,,,,,
W. Campbell,British,1890 January,First Class Tidewaiter,1899 July,,,,Soochow,Shanghai Unattached List,,,,,,,
W. Cloney,British,1888 July,First Class Tidewaiter,1899 July,,,,Tientsin,,,,,,,,
C. B. Miller,British,1893 January,First Class Tidewaiter,1899 December,,,,Lappa,,,,,,,,
P. Brossmann,German,1892 September,First Class Tidewaiter,1899 December,,,,Kiukiang,,,,,,,,
C. Clarkson,British,1889 December,First Class Tidewaiter,1900 May,,,,Kowloon,,,,,,,,
J. MacMahon,British,1890 February,First Class Tidewaiter,1900 May,,,,Chinkiang,Shanghai Unattached List,,,,,,,
J. A. da Costa,Portuguese,1888 November,First Class Tidewaiter,1900 May,,,,Shanghai,,,,,,,,
J. Glassey,British,1891 June,First Class Tidewaiter,1900 May,,,,Amoy,,,,,,,,
G. J. Jensen,Danish,1891 September,First Class Tidewaiter,1900 May,,,,Chefoo,,,,,,,,
F. W. Rowland,British,1892 November,First Class Tidewaiter,1900 May,,,,Shanghai,,,,,,,,
P. Bender,German,1895 February,First Class Tidewaiter,1900 May,,,,Foochow,,,,,,,,
G. K. Goldan,American,1897 March,First Class Tidewaiter,1900 December,,,,Tientsin,,,,,,,,
L. J. Xavier,Portuguese,1888 August,First Class Tidewaiter,1901 May,,,,Kowloon,,,,,,,,
E. A. Strehlneek,Russian,1893 June,First Class Tidewaiter,1901 May,,,Detached for Native Customs,Newchwang,,,,,,,,
F. Wolfe,German,1892 August,First Class Tidewaiter,1901 May,,,,Lappa,,,,,,,,
T. Loureiro,Portuguese,1892 October,First Class Tidewaiter,1901 May,,,,Pakhoi,,,,,,,,
H. G. Wittsack,German,1894 September,First Class Tidewaiter,1901 May,,,,Kiaochow,,,,,,,,
H. A. Adamsen,German,1894 December,First Class Tidewaiter,1901 May,,,,Kowloon,,,,,,,,
R. J. Chard,British,1893 August,First Class Tidewaiter,1901 May,,,Not arrived.,Ningpo,,,,,,,,
D. Christie,British,1896 April,First Class Tidewaiter,1901 May,,,,Kiukiang,,,,,,,,
M. Feller,German,1894 August,Second Class Tidewaiter,1899 July,,,,Shasi,,,,,,,,
T. J. Clifford,British,1892 June,Second Class Tidewaiter,1899 December,,,,Shanghai,,,,,,,,
A. MacDonnell,British,1895 December,Second Class Tidewaiter,1899 December,,,Detached for Native Customs,Newchwang,,,,,,,,
C. E. A. Sachan,German,1893 June,Second Class Tidewaiter,1899 December,,,,Kowloon,,,,,,,,
R. A. Olsen,Danish,1896 May,Second Class Tidewaiter,1899 December,,,,Soochow,,,,,,,,
G. Knox,British,1896 June,Second Class Tidewaiter,1899 December,,,,Tientsin,,,,,,,,
T. Sinclair,British,1896 September,Second Class Tidewaiter,1899 December,,,,Ichang,,,,,,,,
E. T. Young,British,1896 August,Second Class Tidewaiter,1899 December,,,,Kowloon,,,,,,,,
K. Mackenzie,British,1897 February,Second Class Tidewaiter,1899 December,,,,Kiungchow,,,,,,,,
C. D. Komaroff,British,1897 January,Second Class Tidewaiter,1899 December,,,,Wuhu,,,,,,,,
H. Clive,British,1896 February,Second Class Tidewaiter,1900 January,,,,Amoy,,,,,,,,
W. H. Glover,British,1896 September,Second Class Tidewaiter,1900 January,,,Detached for duty at Inspectorate General.,Shanghai,,,,,,,,
A. J. L Macgregor,British,1897 May,Second Class Tidewaiter,1900 March,,,,Soochow,,,,,,,,
E. Lehmann,Norwegian,1895 September,Second Class Tidewaiter,1900 April,,,Not arrived.,Chungking,,,,,,,,
A. D. Copeland,American,1896 November,Second Class Tidewaiter,1900 May,,,,Hankow,,,,,,,,
A. W. Sorms,German,1896 August,Second Class Tidewaiter,1900 May,,,,Foochow,,,,,,,,
S. Foyn,British,1897 January,Second Class Tidewaiter,1900 May,,,,Hangchow,,,,,,,,
M. Neubrunn,Austrian,1896 March,Second Class Tidewaiter,1900 May,,,,Swatow,,,,,,,,
J. Sheridon,British,1897 May,Second Class Tidewaiter,1900 May,,,,Shanghai,,,,,,,,
R. G. Brooks,British,1897 November,Second Class Tidewaiter,1900 May,,,,Shanghai,,,,,,,,
W. A. Wheeler,British,1897 July,Second Class Tidewaiter,1900 May,,,,Kowloon,,,,,,,,
C. Hunt,British,1898 November,Second Class Tidewaiter,1900 October,,,,Newchwang,,,,,,,,
J. Willis,British,1894 November,Second Class Tidewaiter,1901 May,,,,Ningpo,,,,,,,,
J. L. Lutz,Russian,1895 February,Second Class Tidewaiter,1901 May,,,,Hankow,,,,,,,,
A. L. Knight,American,1895 April,Second Class Tidewaiter,1901 May,,,,Kowloon,,,,,,,,
H. K. F. E. Ziehe,German,1895 September,Second Class Tidewaiter,1901 May,,,,Wuhu,,,,,,,,
O. W. Lund,American,1896 September,Second Class Tidewaiter,1901 May,,,,Chungking,,,,,,,,
J. Wacker,German,1896 September,Second Class Tidewaiter,1901 May,,,,Kiaochow,,,,,,,,
Y. M. Mudès,French,1896 October,Second Class Tidewaiter,1901 May,,,,Ningpo,,,,,,,,
G. Wilkins,American,1896 June,Second Class Tidewaiter,1901 May,,,,Kiukiang,,,,,,,,
J. S. Damazio,Portuguese,1896 February,Third Class Tidewaiter,1897 February,,,,Foochow,,,,,,,,
C. J. Jacobsen,Norwegian,1897 January,Third Class Tidewaiter,1897 March,,,,Amoy,,,,,,,,
F. E. Jackson,British,1897 February,Third Class Tidewaiter,1897 March,,,,Foochow,,,,,,,,
T. Knudsen,Norwegian,1897 February,Third Class Tidewaiter,1897 March,,,,Foochow,,,,,,,,
J. Bartolini,Italian,1897 April,Third Class Tidewaiter,1897 April,,,Not arrived.,Chungking,,,,,,,,
K. E. R. W. Kniffert,German,1897 April,Third Class Tidewaiter,1897 April,,,,Newchwang,,Examiner,1906 January,,,,Kiaochow,
F. W. Collins,American,1897 January,Third Class Tidewaiter,1897 May,,,,Amoy,,,,,,,,
A. F. W. Voigt,German,1897 February,Third Class Tidewaiter,1897 May,,,,Kowloon,,Assistant Examiner,1905 July,,,,Kiaochow,
D. Urquhart,British,1897 February,Third Class Tidewaiter,1897 May,,,,Kiukiang,,,,,,,,
J. B. A. Groté,German,1897 March,Third Class Tidewaiter,1897 June,,,,Canton,,,,,,,,
J. Stamm,American,1897 March,Third Class Tidewaiter,1897 July,,,,Ningpo,,,,,,,,
J. Fischer,Norwegian,1897 April,Third Class Tidewaiter,1897 August,,,,Hankow,,,,,,,,
G. A. Andersson,Swedish,1897 March,Third Class Tidewaiter,1897 August,,,,Foochow,,,,,,,,
A. L. T. Clément,Belgian,1897 April,Third Class Tidewaiter,1897 August,,,,Foochow,,,,,,,,
T. Foster,British,1897 April,Third Class Tidewaiter,1897 August,,,,Chefoo,,,,,,,,
A. Myers,British,1897 August,Third Class Tidewaiter,1897 August,,,,Shanghai,,,,,,,,
J. Geddes,British,1896 January,Third Class Tidewaiter,1897 September,,,,Ningpo,,,,,,,,
C. H. Bailey,British,1897 July,Third Class Tidewaiter,1897 October,,,,Hankow,,,,,,,,
G. Dougherty,American,1897 July,Third Class Tidewaiter,1897 October,,,,Ningpo,,,,,,,,
R. M. Tismar,American,1897 October,Third Class Tidewaiter,1897 October,,,,Tientsin,,,,,,,,
C. A. Bray,British,1897 July,Third Class Tidewaiter,1897 November,,,,Wenchow,,,,,,,,
M. L. Kristensen,Danish,1897 July,Third Class Tidewaiter,1897 November,,,,Shanghai,,,,,,,,
A. J. Lewis,American,1897 August,Third Class Tidewaiter,1897 November,,,,Tientsin,,,,,,,,
W. Howard,American,1897 May,Third Class Tidewaiter,1897 November,,,,Swatow,,,,,,,,
H. Olsen,German,1897 June,Third Class Tidewaiter,1897 December,,,,Swatow,,,,,,,,
O. J. M. Höyem,Norwegian,1897 May,Third Class Tidewaiter,1897 December,,,,Amoy,,,,,,,,
A. L. Urquhart,British,1897 March,Third Class Tidewaiter,1897 December,,,,Hankow,,,,,,,,
H. Bone,British,1897 May,Third Class Tidewaiter,1898 January,,,,Wuchow,,,,,,,,
D. Duchamp,French,1898 February,Third Class Tidewaiter,1898 February,,,,Tientsin,,,,,,,,
E. H. A. Freitag,German,1896 August,Third Class Tidewaiter,1898 February,,,,Hangchow,,,,,,,,
F. R. G. da Cruz,Portuguese,1897 May,Third Class Tidewaiter,1898 February,,,,Pakhoi,,,,,,,,
C. Kirwin,British,1897 June,Third Class Tidewaiter,1898 February,,,,Lappa,,,,,,,,
B. Pedersen,Danish,1897 June,Third Class Tidewaiter,1898 March,,,,Canton,,,,,,,,
H. J. Pless,British,1897 October,Third Class Tidewaiter,1898 March,,,,Tientsin,,,,,,,,
A. Butler,British,1897 November,Third Class Tidewaiter,1898 April,,,,Tientsin,,,,,,,,
W. Allen,British,1898 January,Third Class Tidewaiter,1898 April,,,,Hankow,,,,,,,,
J. S. Enright,British,1898 February,Third Class Tidewaiter,1898 April,,,,Shanghai,,,,,,,,
T. Lamb,British,1898 February,Third Class Tidewaiter,1898 April,,,,Shanghai,,,,,,,,
W. H. Campkin,British,1897 August,Third Class Tidewaiter,1898 May,,,,Wuchow,,,,,,,,
B. Collins,British,1897 August,Third Class Tidewaiter,1898 May,,,,Kowloon,,,,,,,,
M. S. Husted,American,1897 August,Third Class Tidewaiter,1898 May,,,,Kowloon,,,,,,,,
W. F. Nelson,British,1897 October,Third Class Tidewaiter,1898 June,,,,Wuhu,,,,,,,,
F. Bénard,American,1898 February,Third Class Tidewaiter,1898 June,,,,Hankow,,,,,,,,
F. C. Irwin,American,1898 February,Third Class Tidewaiter,1898 June,,,At Kashing.,Hangchow,,,,,,,,
J. Wolff,German,1897 October,Third Class Tidewaiter,1898 June,,,,Newchwang,,Assistant Examiner,1904 January,,,,Kiaochow,
J. J. Woods,British,1898 March,Third Class Tidewaiter,1898 June,,,,Ichang,,,,,,,,
L. J. Bahr,German,1898 May,Third Class Tidewaiter,1898 June,,,,Kiukiang,,,,,,,,
J. Dawson,British,1887 September,Third Class Tidewaiter,1898 July,,,,Chefoo,,,,,,,,
J. A. Rule,American,1897 January,Third Class Tidewaiter,1898 July,,,,Samshui,,,,,,,,
W. B. Andrews,British,1898 April,Third Class Tidewaiter,1898 July,,,,Shanghai,,,,,,,,
R. Wood,British,1896 December,Third Class Tidewaiter,1898 July,,,,Foochow,,,,,,,,
J. Brian,British,1898 July,Third Class Tidewaiter,1898 July,,,,Swatow,,,,,,,,
S. Mitchell,British,1898 June,Third Class Tidewaiter,1898 July,,,,Yochow,,,,,,,,
J. A. Reynolds,British,1898 July,Third Class Tidewaiter,1898 July,,,,Hankow,,,,,,,,
N. B. Gregory,British,1898 August,Third Class Tidewaiter,1898 August,,,,Shanghai,,,,,,,,
A. Nichol,British,1898 August,Third Class Tidewaiter,1898 August,,,,Ningpo,,,,,,,,
D. Silver,British,1897 August,Third Class Tidewaiter,1898 September,,,,Foochow,,,,,,,,
M. C. Shirazee,Persian,1898 April,Third Class Tidewaiter,1898 September,,,,Foochow,,,,,,,,
H. Knight,British,1898 April,Third Class Tidewaiter,1898 September,,,,Foochow,,,,,,,,
W. J. Potter,British,1898 February,Third Class Tidewaiter,1898 September,,,,Kowloon,,,,,,,,
G. E. Bell,British,1898 April,Third Class Tidewaiter,1898 October,,,,Pakhoi,,,,,,,,
J. P. Jensen,Danish,1898 June,Third Class Tidewaiter,1898 November,,,,Wuhu,,,,,,,,
A. C. Thiel,German,1898 May,Third Class Tidewaiter,1898 November,,,,Kowloon,,,,,,,,
A. L. Demée,French,1894 November,Third Class Tidewaiter,1898 November,,,,Lungchow,,,,,,,,
F. Heilman,German,1898 May,Third Class Tidewaiter,1898 November,,,,Canton,,,,,,,,
W. Frederick,American,1898 June,Third Class Tidewaiter,1898 December,,,,Kiungchow,,,,,,,,
T. H. Smith,American,1898 June,Third Class Tidewaiter,1898 December,,,,Canton,,,,,,,,
A. A. Stubbs,British,1899 January,Third Class Tidewaiter,1899 January,,,,Chefoo,,,,,,,,
W. O. Pinkerton,American,1898 July,Third Class Tidewaiter,1899 January,,,,Shanghai,,,,,,,,
C. S. C. Davies,British,1897 April,Third Class Tidewaiter,1899 January,,,,Kowloon,,,,,,,,
M. W. Fraser,British,1898 June,Third Class Tidewaiter,1899 January,,,,Shanghai,,,,,,,,
V. Gaeta,Austrian,1898 July,Third Class Tidewaiter,1899 January,,,,Shanghai,,,,,,,,
D. Duncan,British,1898 July,Third Class Tidewaiter,1899 February,,,,Canton,,,,,,,,
J. G. Thomas,British,1898 August,Third Class Tidewaiter,1899 February,,,,Canton,,,,,,,,
J. Power,British,1898 August,Third Class Tidewaiter,1899 February,,,,Kowloon,,,,,,,,
H. Surplice,British,1898 August,Third Class Tidewaiter,1899 February,,,,Canton,,,,,,,,
G. H. King,British,1898 August,Third Class Tidewaiter,1899 March,,,,Canton,,,,,,,,
H. C. Thomas,British,1898 September,Third Class Tidewaiter,1899 March,,,,Canton,,,,,,,,
E. M. Lundberg,Swedish,1898 September,Third Class Tidewaiter,1899 March,,,,Kowloon,,,,,,,,
C. Mattson,Swedish,1898 September,Third Class Tidewaiter,1899 March,,,,Kowloon,,,,,,,,
E. C. Charrington,British,1898 September,Third Class Tidewaiter,1899 March,,,,Canton,,,,,,,,
H. F. Pearson,British,1898 September,Third Class Tidewaiter,1899 March,,,,Canton,,,,,,,,
O. E. N. Samüelsen,Norwegian,1898 September,Third Class Tidewaiter,1899 March,,,,Newchwang,,,,,,,,
H. P. Singer,British,1898 November,Third Class Tidewaiter,1899 March,,,,Hankow,,,,,,,,
W. C. Kailey,American,1898 September,Third Class Tidewaiter,1899 March,,,,Kowloon,,,,,,,,
J. W. Lorentzen,American,1899 March,Third Class Tidewaiter,1899 March,,,,Chinkiang,,,,,,,,
C. H. Hardy,British,1898 September,Third Class Tidewaiter,1899 April,,,,Wuhu,,,,,,,,
G. E. Don,British,1898 November,Third Class Tidewaiter,1899 April,,,,Wuhu,,,,,,,,
H. Taylor,British,1898 August,Third Class Tidewaiter,1899 April,,,,Kiukiang,,,,,,,,
T. Agnew,British,1898 September,Third Class Tidewaiter,1899 April,,,,Canton,,,,,,,,
L. G. Hansford,British,1898 October,Third Class Tidewaiter,1899 April,,,,Kowloon,,,,,,,,
R. H. Witthauer,German,1896 October,Third Class Tidewaiter,1899 April,,,,Kiaochow,,,,,,,,
E. Hoff,Norwegian,1898 July,Third Class Tidewaiter,1899 May,,,,Newchwang,,,,,,,,
W. R. Finlay,British,1898 November,Third Class Tidewaiter,1899 June,,,,Shanghai,,,,,,,,
A. Bouman,Dutch,1898 November,Third Class Tidewaiter,1899 June,,,,Newchwang,,,,,,,,
H. C. A. Hannemann,German,1898 November,Third Class Tidewaiter,1899 June,,,,Tientsin,,,,,,,,
H. S. Robertson,British,1898 December,Third Class Tidewaiter,1899 June,,,,Shanghai,,,,,,,,
W. F. Langford,British,1898 December,Third Class Tidewaiter,1899 June,,,,Canton,,,,,,,,
J. A. Peach,British,1898 December,Third Class Tidewaiter,1899 June,,,,Kowloon,,,,,,,,
A. Martin,British,1898 December,Third Class Tidewaiter,1899 June,,,,Canton,,,,,,,,
J. S. Chubb,British,1898 December,Third Class Tidewaiter,1899 June,,,,Kowloon,,,,,,,,
O. A. Lantz,German,1898 December,Third Class Tidewaiter,1899 June,,,,Kowloon,,,,,,,,
E. O'Hare,British,1897 May,Third Class Tidewaiter,1899 June,,,,Kowloon,,,,,,,,
A. R. Kirk,British,1898 December,Third Class Tidewaiter,1899 June,,,,Kowloon,,,,,,,,
L. Loft,British,1899 July,Third Class Tidewaiter,1899 July,,,,Chefoo,,,,,,,,
W. P. M. Whaite,British,1898 December,Third Class Tidewaiter,1899 July,,,,Kowloon,,,,,,,,
N. A. A. Nielsen,Danish,1898 December,Third Class Tidewaiter,1899 July,,,,Foochow,,,,,,,,
J. Melly,British,1899 January,Third Class Tidewaiter,1899 July,,,,Lappa,,,,,,,,
T. H. Gwynne,British,1899 January,Third Class Tidewaiter,1899 July,,,,Nanking,,,,,,,,
F. Spence,British,1899 January,Third Class Tidewaiter,1899 July,,,,Lappa,,,,,,,,
H. G. Burton,British,1897 December,Third Class Tidewaiter,1899 August,,,Detached for Native Customs,Newchwang,,,,,,,,
T. F. Anderson,British,1899 January,Third Class Tidewaiter,1899 August,,,,Shanghai,,,,,,,,
N. H. Olsen,Norwegian,1894 November,Third Class Tidewaiter,1899 August,,,,Amoy,,,,,,,,
B. Cavanagh,British,1899 February,Third Class Tidewaiter,1899 August,,,,Chefoo,,,,,,,,
L. C. A. von Nauendorff,German,1899 August,Third Class Tidewaiter,1899 August,,,extra-Likin,Ningpo,,,,,,,,
G. J. Colwell,British,1899 March,Third Class Tidewaiter,1899 September,,,Detached for duty in IV.- Postal Department. ,Canton,,,,,,,,
W. Andersen,Danish,1899 March,Third Class Tidewaiter,1899 September,,,,Kowloon,,,,,,,,
C. K. Mackenzie,British,1899 March,Third Class Tidewaiter,1899 September,,,,Kowloon,,,,,,,,
C. Mandelkoff,Russian,1899 April,Third Class Tidewaiter,1899 September,,,,Hankow,,,,,,,,
A. W. Macphail,British,1899 September,Third Class Tidewaiter,1899 September,,,,Ichang,,,,,,,,
G. F. Aitken,British,1898 November,Third Class Tidewaiter,1899 October,,,,Canton,,,,,,,,
S. J. Taylor,British,1899 March,Third Class Tidewaiter,1899 October,,,,Wuhu,,,,,,,,
C. F. Wallis,British,1899 March,Third Class Tidewaiter,1899 October,,,,Kowloon,,,,,,,,
N. G. Olsson,Swedish,1899 March,Third Class Tidewaiter,1899 October,,,,Kowloon,,,,,,,,
J. Steinacher,American,1897 April,Third Class Tidewaiter,1899 October,,,,Shanghai,,,,,,,,
J. A. Hersted,Danish,1899 May,Third Class Tidewaiter,1899 October,,,,Ichang,,,,,,,,
H. F. H. Goetze,German,1899 April,Third Class Tidewaiter,1899 October,,,,Kiaochow,,Assistant Examiner,1903 October,,,,Kiaochow,
J. Clausen,German,1899 April,Third Class Tidewaiter,1899 October,,,,Kiaochow,,First Class Tidewaiter,1906 January,,,,Kiaochow,
R. Sterz,German,1899 April,Third Class Tidewaiter,1899 October,,,,Kiaochow,,,,,,,,
O. H. Schmitto,Danish,1897 October,Third Class Tidewaiter,1899 November,,,,Lappa,,,,,,,,
C. Lasson,Norwegian,1899 April,Third Class Tidewaiter,1899 November,,,,Swatow,,,,,,,,
J. L. Wilson,British,1899 June,Third Class Tidewaiter,1899 November,,,,Chefoo,,,,,,,,
M. Wassmannsdorff,German,1899 June,Third Class Tidewaiter,1899 November,,,,Hankow,,,,,,,,
R. C. MacDougall,British,1899 July,Third Class Tidewaiter,1899 December,,,,Nanking,,,,,,,,
E. W. Volckmann,German,1899 July,Third Class Tidewaiter,1899 December,,,,Chinkiang,,Assistant Examiner,1906 January,,,,Kiaochow,
H. F. Brackstone,British,1899 June,Third Class Tidewaiter,1900 January,,,,Swatow,,,,,,,,
W. Perry,British,1899 July,Third Class Tidewaiter,1900 January,,,,Swatow,,,,,,,,
E. H. Kretzschmar,German,1899 July,Third Class Tidewaiter,1900 January,,,,Kiaochow,,,,,,,,
H. R. Gerulat,German,1899 July,Third Class Tidewaiter,1900 January,,,,Kiaochow,,Assistant Examiner,1905 April,,,,Kiaochow,
E. Trusch,German,1898 June,Third Class Tidewaiter,1900 February,,,,Lappa,,,,,,,,
L. Smith,American,1899 August,Third Class Tidewaiter,1900 February,,,,Canton,,,,,,,,
C. S. F. Lloyd,British,1899 July,Third Class Tidewaiter,1900 February,,,,Shanghai,,,,,,,,
J. S. T. Brandão ,Portuguese,1895 January,Third Class Tidewaiter,1900 March,,,,Lappa,,,,,,,,
J. I. da Cunha,Portuguese,1896 January,Third Class Tidewaiter,1900 March,,,,Canton,,,,,,,,
W. Power,British,1899 August,Third Class Tidewaiter,1900 March,,,,Kowloon,,,,,,,,
H. E. McGowan,British,1899 September,Third Class Tidewaiter,1900 March,,,,Canton,,,,,,,,
E. W. E. Eickhoff,German,1899 September,Third Class Tidewaiter,1900 April,,,,Kiaochow,,,,,,,,
H. M. Sprague,American,1899 October,Third Class Tidewaiter,1900 April,,,,Shanghai,,,,,,,,
J. M. N. da Costa,Portuguese,1899 September,Third Class Tidewaiter,1900 April,,,,Hankow,,,,,,,,
H. A. Andersen,Norwegian,1900 March,Third Class Tidewaiter,1900 April,,,,Hankow,,,,,,,,
C. Diamond,American,1900 March,Third Class Tidewaiter,1900 April,,,,Hankow,,,,,,,,
K. F. Josefsen,Norwegian,1899 October,Third Class Tidewaiter,1900 May,,,,Shanghai,,,,,,,,
D. Campbell,British,1899 December,Third Class Tidewaiter,1900 May,,,,Chinkiang,,,,,,,,
F. P. Ruggeberg,German,1899 November,Third Class Tidewaiter,1900 May,,,,Kowloon,,,,,,,,
C. J. Gray,British,1899 November,Third Class Tidewaiter,1900 May,,,,Hankow,,,,,,,,
P. W. A. Scott,British,1899 November,Third Class Tidewaiter,1900 June,,,,Kowloon,,,,,,,,
O. A. Pedersen,Norwegian,1899 November,Third Class Tidewaiter,1900 June,,,,Kowloon,,,,,,,,
F. de A. Burton,British,1900 January,Third Class Tidewaiter,1900 June,,,,Shanghai,,,,,,,,
W. A. Roberts,British,1900 February,Third Class Tidewaiter,1900 June,,,,Shanghai,,,,,,,,
R. J. Stephens,American,1900 February,Third Class Tidewaiter,1900 July,,,,Amoy,,,,,,,,
P. H. Quayle,British,1899 December,Third Class Tidewaiter,1900 August,,,,Shanghai,,,,,,,,
E. Richmond,British,1899 December,Third Class Tidewaiter,1900 August,,,,Kowloon,,,,,,,,
J. Mottram,British,1900 May,Third Class Tidewaiter,1900 September,,,,Kiungchow,,,,,,,,
B. Elias,British,1898 October,Third Class Tidewaiter,1900 November,,,,Lappa,,,,,,,,
V. Roth,German,1900 April,Third Class Tidewaiter,1900 November,,,,Kiaochow,,,,,,,,
J. H. Schläger,German,1900 April,Third Class Tidewaiter,1900 November,,,,Kiaochow,,,,,,,,
J. B. Persson,American,1900 September,Third Class Tidewaiter,1900 November,,,,Swatow,,,,,,,,
C. King,British,1900 May,Third Class Tidewaiter,1900 December,,,,Canton,,,,,,,,
J. B. Möller,Swedish,1900 May,Third Class Tidewaiter,1900 December,,,,Kowloon,,,,,,,,
H. Howard,British,1898 November,Third Class Tidewaiter,1900 December,,,,Lappa,,,,,,,,
E. Kennedy,American,1900 May,Third Class Tidewaiter,1900 December,,,,Kowloon,,,,,,,,
W. Burn,British,1900 April,Probationary Tidewaiter,1901 January,,,,Nanking,,,,,,,,
St. C. C. da Silva,Portuguese,1900 April,Probationary Tidewaiter,1901 January,,,,Lappa,,,,,,,,
A. D. Nelson,American,1900 May,Probationary Tidewaiter,1901 January,,,,Kowloon,,,,,,,,
F. Pawelka,Austrian,1900 August,Probationary Tidewaiter,1901 February,,,,Kowloon,,,,,,,,
W. R. Walker,British,1900 August,Probationary Tidewaiter,1901 February,,,,Kowloon,,,,,,,,
F. Seiferth,German,1900 July,Probationary Tidewaiter,1901 March,,,,Kiaochow,,,,,,,,
J. Lelas,British,1900 September,Probationary Tidewaiter,1901 March,,,,Amoy,,,,,,,,
M. B. Nilsen,Norwegian,1900 September,Probationary Tidewaiter,1901 March,,,,Canton,,,,,,,,
O. Rateau,French,1899 August,Probationary Tidewaiter,1901 April,,,,Canton,,,,,,,,
C. Reinhardt,German,1897 December,Probationary Tidewaiter,1901 April,,,,Kiungchow,,,,,,,,
G. J. Hylander,Swedish,1900 June,Probationary Tidewaiter,1901 April,,,,Soochow,,,,,,,,
C. Newton,British,1900 June,Probationary Tidewaiter,1901 April,,,,Hangchow,,,,,,,,
A. S. Harrald,British,1900 July,Probationary Tidewaiter,1901 April,,,,Shanghai,,,,,,,,
A. D. Horne,British,1900 September,Probationary Tidewaiter,1901 April,,,,Ichang,,,,,,,,
B. Christiansen,Danish,1901 January,Probationary Tidewaiter,1901 April,,,,Shanghai,,,,,,,,
R. Emanuel,British,1901 March,Probationary Tidewaiter,1901 April,,,,Shanghai,,,,,,,,
W. E. Talbot,British,1901 March,Probationary Tidewaiter,1901 April,,,,Shanghai,,,,,,,,
H. N. Wienberg,British,1901 March,Probationary Tidewaiter,1901 April,,,,Shanghai,,,,,,,,
L. C. Passano,American,1901 March,Probationary Tidewaiter,1901 April,,,,Chefoo,,,,,,,,
B. C. Gleason,British,1901 March,Probationary Tidewaiter,1901 April,,,,Chinkiang,,,,,,,,
R. A. Thompson,British,1900 November,Probationary Tidewaiter,1901 May,,,,Canton,,,,,,,,
G. O. Lee,British,1901 March,Probationary Tidewaiter,1901 May,,,,Ningpo,,,,,,,,
A. B. Prittwitz,German,1901 June,Probationary Tidewaiter,1901 June,,,,Tientsin,,,,,,,,
C. E. J. Rhoderick,British,1901 June,Probationary Tidewaiter,1901 June,,,,Tientsin,,,,,,,,
M. M. O'Connor,British,1901 April,Probationary Tidewaiter,1901 June,,,,Yochow,,,,,,,,
C. Burns,American,1901 March,Probationary Tidewaiter,1901 July,,,,Shanghai,,,,,,,,
E. Watson,British,1901 April,Probationary Tidewaiter,1901 July,,,,Shanghai,,,,,,,,
J. de la Cruz,Spanish,1891 November,Watcher,,,,,Hankow,,,,,,,,
L. Balada,Spanish,1894 July,Watcher,,,,,Hankow,,,,,,,,
H. de la Vega,Spanish,1896 January,Watcher,,,,,Hankow,,,,,,,,
W. B. Lipson,American,1899 July,Watcher,,,,,Lappa,,,,,,,,
G. W. Thronstad ,Norwegian,1899 August,Watcher,,,,,Lappa,,,,,,,,
V. Drayson,British,1899 August,Watcher,,,,,Lappa,,,,,,,,
O. Rasmussen,Norwegian,1899 August,Watcher,,,,,Lappa,,,,,,,,
P. V. Jackson,British,1899 October,Watcher,,,,,Lappa,,,,,,,,
C. O. F. Jacobsson,Swedish,1899 November,Watcher,,,,,Lappa,,,,,,,,
V. Kuster,American,1899 December,Watcher,,,,,Lappa,,,,,,,,
W. Keeler,British,1901 January,Watcher,,,,,Canton,,,,,,,,
E. J. Simons,British,1901 April,Watcher,,,,,Shanghai,,,,,,,,
F. A. Mack,American,1901 April,Watcher,,,,,Shanghai,,,,,,,,
W. Smith,British,1901 May,Watcher,,,,,Shanghai,,,,,,,,
R. Neut,Belgian,1901 May,Watcher,,,,,Shanghai,,,,,,,,
F. J. Fishlock,British,1901 May,Watcher,,,,,Kowloon,,,,,,,,
F. Scott,British,1901 May,Watcher,,,,,Kowloon,,,,,,,,
M. J. Isaac,British,1901 May,Watcher,,,,,Kowloon,,,,,,,,
J. W. Hill,British,1901 May,Watcher,,,,,Kowloon,,,,,,,,
A. G. McDonald,British,1901 June,Watcher,,,,,Shanghai,,,,,,,,
W. T. B. Rowlands,British,1901 June,Watcher,,,,,Shanghai,,,,,,,,
O. C. Miller,German,1901 June,Watcher,,,,,Kowloon,,,,,,,,
O. H. Miller,German,1901 June,Watcher,,,,,Kowloon,,,,,,,,
E. Pillis,Austrian,1901 June,Watcher,,,,,Kowloon,,,,,,,,
J. W. Adams,British,1901 June,Watcher,,,,,Kowloon,,,,,,,,
A. F. Fosberg,British,1901 June,Watcher,,,,,Shanghai,,,,,,,,
J. Johnson,British,1901 June,Watcher,,,,,Shanghai,,,,,,,,
W. C. Holmes,British,1901 June,Watcher,,,,,Shanghai,,,,,,,,
J. B. Pillow,British,1901 June,Watcher,,,,,Kowloon,,,,,,,,
C. Tromp,Dutch,1901 June,Watcher,,,,,Shanghai,,,,,,,,
W. J. Livesey,British,1901 June,Watcher,,,,,Kowloon,,,,,,,,
F. G. Veitch,British,1901 June,Watcher,,,,,Canton,,,,,,,,
C. A. Bergerowski,German,1901 June,Watcher,,,,,Canton,,,,,,,,
J. C. Veir,British,1901 June,Watcher,,,,,Canton,,,,,,,,
J. Dick,British,1901 June,Watcher,,,,,Shanghai,,,,,,,,
J. A. Dick,British,1901 July,Watcher,,,,,Shanghai,,,,,,,,
J. W. Mesny,British,1884 June,Salt Watcher,,,,,Chinkiang,,,,,,,,
M. Doong,Spanish,1892 January,Salt Watcher,,,,,Hankow,,,,,,,,
H. L. Hamlyn,British,1898 November,Salt Watcher,,,,,Chinkiang,,,,,,,,
M. Asumcio,Spanish,1899 October,Supernumerary Watcher,,,,,Shanghai,,,,,,,,
Sultan Bux,British,1899 November,Supernumerary Watcher,,,,Indian?,Shanghai,,,,,,,,
Nabee Khan,British,1899 November,Supernumerary Watcher,,,,Indian?,Shanghai,,,,,,,,
Matra Das,British,1899 November,Supernumerary Watcher,,,,Indian?,Shanghai,,,,,,,,
Niamat Khan,British,1899 December,Supernumerary Watcher,,,,Indian?,Shanghai,,,,,,,,
J. Angulo,Spanish,1899 December,Supernumerary Watcher,,,,,Hankow,,,,,,,,
Ram Nasain,British,1900 May,Supernumerary Watcher,,,,Indian?,Shanghai,,,,,,,,
T. Andrades,Spanish,1900 May,Supernumerary Watcher,,,,,Shanghai,,,,,,,,
C. Pelayo,Spanish,1900 June,Supernumerary Watcher,,,,,Shanghai,,,,,,,,
B. Manaban,Spanish,1900 July,Supernumerary Watcher,,,,,Hankow,,,,,,,,
V. de la Cruz,Spanish,1901 January,Supernumerary Watcher,,,,,Shanghai,,,,,,,,
F. Miralles,Spanish,1901 February,Supernumerary Watcher,,,,,Shanghai,,,,,,,,
L. Manalos,Spanish,1901 February,Supernumerary Watcher,,,,,Shanghai,,,,,,,,
Buta Singh,British,1901 March,Supernumerary Watcher,,,,,Shanghai,,,,,,,,
Abdul Kariem,British,1901 May,Supernumerary Watcher,,,,,Shanghai,,,,,,,,
N. Julian,Spanish,1889 December,Watchman (Outdoor),,,,Statistical Department.,Shanghai,,,,,,,,
Saramin Seedin,British,1890 December,Watchman (Outdoor),,,,,Amoy,,,,,,,,
Ali Krouk,Siamese,1891 July,Watchman (Outdoor),,,,,Swatow,,,,,,,,
Ah Boo,Siamese,1892 November,Watchman (Outdoor),,,,,Swatow,,,,,,,,
A Pau,Siamese,1893 April,Watchman (Outdoor),,,,,Swatow,,,,,,,,
A Sam,Siamese,1899 June,Watchman (Outdoor),,,,,Swatow,,,,,,,,
Sabidin Seedin,British,1900 October,Watchman (Outdoor),,,,,Amoy,,,,,,,,
G. Adams,American,1900 January,"Station Watcher, A",,,,,Lappa,,,,,,,,
M. Dobinson,British,1900 February,"Station Watcher, A",,,,,Lappa,,,,,,,,
K. E. W. Lindstrom,Swedish,1900 March,"Station Watcher, A",,,,,Lappa,,,,,,,,
A. Jansson,Swedish,1900 May,"Station Watcher, A",,,,,Lappa,,,,,,,,
J. L. Carr,American,1900 June,"Station Watcher, A",,,,,Lappa,,,,,,,,
H. E. Trepkowski,German,1900 August,"Station Watcher, A",,,,,Lappa,,,,,,,,
F. Renn,American,1900 November,"Station Watcher, A",,,,,Lappa,,,,,,,,
W. Griffin,British,1900 December,"Station Watcher, A",,,,,Lappa,,,,,,,,
C. B. Berglöf,Swedish,1900 December,"Station Watcher, A",,,,,Lappa,,,,,,,,
P. F. McMahon,British,1900 December,"Station Watcher, A",,,,,Lappa,,,,,,,,
G. Honniball,British,1900 December,"Station Watcher, A",,,,,Lappa,,,,,,,,
P. Cummins,British,1900 December,"Station Watcher, A",,,,,Lappa,,,,,,,,
F. Ambroise,French,1901 April,"Station Watcher, A",,,,,Lappa,,,,,,,,
A. M. Mortensen,Danish,1901 April,"Station Watcher, A",,,,,Lappa,,,,,,,,
R. Travis,British,1901 April,"Station Watcher, A",,,,,Lappa,,,,,,,,
F. H. Morris,British,1901 April,"Station Watcher, A",,,,,Lappa,,,,,,,,
M. F. d'Assis,Portuguese,1895 February,"Station Watcher, B",,,,,Lappa,,,,,,,,
L. L. Lopes,Portuguese,1896 April,"Station Watcher, B",,,,,Kowloon,,,,,,,,
A. J. da Silva,Portuguese,1899 July,"Station Watcher, B",,,,,Lappa,,,,,,,,
A. Z. de Souza,Portuguese,1900 March,"Station Watcher, B",,,,,Lappa,,,,,,,,
A. Fernandez,Portuguese,1901 January,"Station Watcher, B",,,,,Lappa,,,,,,,,
Nutta Singh,British,1892 September,"Station Watcher, C",,,,Indian?,Lappa,,,,,,,,
Hokum Singh,British,1895 July,"Station Watcher, C",,,,Indian?,Lappa,,,,,,,,
Mongul Singh,British,1896 April,"Station Watcher, C",,,,Indian?,Lappa,,,,,,,,
Janda Singh,British,1896 September,"Station Watcher, C",,,,Indian?,Lappa,,,,,,,,
Rual Singh,British,1897 June,"Station Watcher, C",,,,Indian?,Lappa,,,,,,,,
Boor Singh,British,1897 August,"Station Watcher, C",,,,Indian?,Lappa,,,,,,,,
Bertah Singh,British,1897 August,"Station Watcher, C",,,,Indian?,Lappa,,,,,,,,
Sander Singh,British,1897 October,"Station Watcher, C",,,,Indian?,Lappa,,,,,,,,
Chunda Singh,British,1898 March,"Station Watcher, C",,,,Indian?,Lappa,,,,,,,,
Gordett Singh,British,1899 August,"Station Watcher, C",,,,Indian?,Lappa,,,,,,,,
Sujan Singh,British,1899 December,"Station Watcher, C",,,,Indian?,Lappa,,,,,,,,
Kishun Singh,British,1900 January,"Station Watcher, C",,,,Indian?,Lappa,,,,,,,,
Chanda Singh,British,1900 January,"Station Watcher, C",,,,Indian?,Lappa,,,,,,,,
Subar Singh,British,1900 March,"Station Watcher, C",,,,Indian?,Lappa,,,,,,,,
Bissan Singh,British,1900 April,"Station Watcher, C",,,,Indian?,Lappa,,,,,,,,
Isher Singh,British,1900 August,"Station Watcher, C",,,,Indian?,Lappa,,,,,,,,
Soonder Singh,British,1900 August,"Station Watcher, C",,,,Indian?,Lappa,,,,,,,,
Odham Singh,British,1900 September,"Station Watcher, C",,,,Indian?,Lappa,,,,,,,,
Besander Singh,British,1900 October,"Station Watcher, C",,,,Indian?,Lappa,,,,,,,,
Jewalla Singh,British,1900 October,"Station Watcher, C",,,,Indian?,Lappa,,,,,,,,
Bucktow Singh,British,1900 November,"Station Watcher, C",,,,Indian?,Lappa,,,,,,,,
Mullah Singh,British,1900 December,"Station Watcher, C",,,,Indian?,Lappa,,,,,,,,
Godded Singh,British,1900 December,"Station Watcher, C",,,,Indian?,Lappa,,,,,,,,
Nund Singh,British,1900 December,"Station Watcher, C",,,,Indian?,Lappa,,,,,,,,
Kishen Singh,British,1900 December,"Station Watcher, C",,,,Indian?,Lappa,,,,,,,,
Lell Singh,British,1901 January,"Station Watcher, C",,,,Indian?,Lappa,,,,,,,,
Tunna Singh,British,1901 January,"Station Watcher, C",,,,Indian?,Lappa,,,,,,,,
Bag Singh,British,1901 February,"Station Watcher, C",,,,Indian?,Lappa,,,,,,,,
Bagat Singh,British,1901 March,"Station Watcher, C",,,,Indian?,Lappa,,,,,,,,
Rada Singh,British,1901 March,"Station Watcher, C",,,,Indian?,Lappa,,,,,,,,
Patti Singh,British,1901 April,"Station Watcher, C",,,,Indian?,Lappa,,,,,,,,
Kissan Singh,British,1901 April,"Station Watcher, C",,,,Indian?,Lappa,,,,,,,,
Nand Singh,British,1901 June,"Station Watcher, C",,,,Indian?,Lappa,,,,,,,,
M. A. H. Fischer,German,1903 April,,,,,,,,"Second Assistant, A",1904 April,,,,Kiaochow,
O. Rettberg,German,1901 December,,,,,,,,"Fourth Assistant, A",1905 July,,,,Tientsin,
F. W. H. C. G. Biester,German,1902 July,,,,,,,,"Fourth Assistant, A",1905 July,,,,Kiaochow,
J. F. Knäpel,German,1904 January,,,,,,,,"Fourth Assistant, B",1906 February,,,,Kiaochow,
J. F. Puvogel,German,1905 June,,,,,,,,"Fourth Assistant, C",1905 June,,,,Kiaochow,
E. Dipper,German,1903 May,,,,,,,,Surgeon,,,,,Kiaochow,
E. H. H. Koenig,German,1904 December,,,,,,,,Surgeon,,,,,Kiaochow,
F. F. Henke,German,1901 July,,,,,,,,Second Class Tidewaiter,1905 April,,,,Kiaochow,
W. A. Hempel,German,1903 September,,,,,,,,Second Class Tidewaiter,1906 January,,,,Kiaochow,
H. G. W. Schlesiger,German,1903 June,,,,,,,,Third Class Tidewaiter,1904 July,,,,Kiaochow,
P. E. Schütz,German,1903 June,,,,,,,,Third Class Tidewaiter,1904 July,,,,Kiaochow,
A. E. Hallgreen,German,1904 May,,,,,,,,Third Class Tidewaiter,1905 May,,,,Kiaochow,
A. A. G. A. Rehberg,German,1904 November,,,,,,,,Third Class Tidewaiter,1905 June,,,,Kiaochow,
W. C. B. Schoppe,German,1904 December,,,,,,,,Third Class Tidewaiter,1905 December,,,,Kiaochow,
H. Hensel,German,1905 April,,,,,,,,Third Class Tidewaiter,1906 April,,,,Kiaochow,
R. W. R. Rieck,German,1905 May,,,,,,,,Third Class Tidewaiter,1906 May,,,,Kiaochow,
H. J. Philipp,German,1905 July,,,,,,,,Third Class Tidewaiter,1906 May,,,,Kiaochow,
M. Haile,German,1905 July,,,,,,,,Probationary Tidewaiter,1906 January,,,,Kiaochow,
J. G. Trimborn,German,1905 September,,,,,,,,Probationary Tidewaiter,1906 March,,,,Kiaochow,
L. Euler,German,1906 January,,,,,,,,Watcher,,,,,Kiaochow,
F. E. Lottermoser,German,1906 February,,,,,,,,Watcher,,,,,Kiaochow,
C. F. Klare,German,1906 February,,,,,,,,Watcher,,,,,Kiaochow,
E. P. Pretzsch,German,1906 March,,,,,,,,Watcher,,,,,Kiaochow,
